lead,time_from_QRS_s,high_risk_median_mV,low_risk_median_mV,high_risk_mean_absolute_IG,high_risk_n,low_risk_n
I,-0.4,-0.0022922810167074203,-0.0073211644776165485,0.0001313884779907656,507,1022
I,-0.39,-0.0027963793836534023,-0.009150786325335503,0.00013243785958091795,507,1022
I,-0.38,-0.00200019299518317,-0.009893477661535144,0.00012624444813944975,507,1022
I,-0.37,-3.004400059580803e-05,-0.0104619893245399,0.00012016761617488061,507,1022
I,-0.36,-0.000664001505356282,-0.012173217022791505,0.0001183787539801037,507,1022
I,-0.35,-0.000648822053335607,-0.012485932325944304,0.0001289997998986128,507,1022
I,-0.34,0.0013388702645897865,-0.01290630386210978,0.00012489744535394018,507,1022
I,-0.33,-0.0010623505804687738,-0.013970360392704606,0.0001190205446890006,507,1022
I,-0.32,0.0010478324838913977,-0.014328800374642015,0.00011857300206386375,507,1022
I,-0.31,0.0004849285469390452,-0.01576144341379404,0.00011368511621743268,507,1022
I,-0.3,0.0017336117452941835,-0.01564751914702356,0.00011736669354451555,507,1022
I,-0.29,0.003072163090109825,-0.017244467278942466,0.00011073417981101479,507,1022
I,-0.28,0.0031672464683651924,-0.0165564501658082,0.00010810545401657521,507,1022
I,-0.27,0.0019258513348177075,-0.01687052403576672,0.00010433406274951313,507,1022
I,-0.26,0.0006669433787465096,-0.015918230637907982,0.00010399507567550765,507,1022
I,-0.25,0.000812962360214442,-0.016111656092107296,0.00010206008444309692,507,1022
I,-0.24,0.0005309860571287572,-0.016110039316117764,0.0001022965602530107,507,1022
I,-0.23,0.0006193388253450394,-0.016818562988191843,0.00010043201890232403,507,1022
I,-0.22,0.0013685395242646337,-0.014591162092983723,0.00010358349777188935,507,1022
I,-0.21,0.0017152272630482912,-0.013814287958666682,0.0001049814068718912,507,1022
I,-0.2,0.0018861248972825706,-0.011782158864662051,9.882377572633238e-05,507,1022
I,-0.19,0.0033756813500076532,-0.00955763307865709,0.00010261198094776171,507,1022
I,-0.18,0.002887353766709566,-0.0033703108492773026,0.00010322862065666821,507,1022
I,-0.17,0.004082801926415414,0.0014655953273177147,0.00010340993459347754,507,1022
I,-0.16,0.005611490574665368,0.008854601997882128,0.00010074638404214334,507,1022
I,-0.15,0.005788810551166534,0.014675703831017017,9.913600722054448e-05,507,1022
I,-0.14,0.005672217346727848,0.018739763996563852,9.772544571108711e-05,507,1022
I,-0.13,0.005145509727299213,0.01643671956844628,9.531973982609981e-05,507,1022
I,-0.12,0.002337748883292079,0.009605396538972855,9.134607464364158e-05,507,1022
I,-0.11,-0.001694051141384989,-0.00397320045158267,8.805300615086076e-05,507,1022
I,-0.1,-0.003980434965342283,-0.016243550926446915,7.784143151007614e-05,507,1022
I,-0.09,-0.005613903049379587,-0.024824657943099737,7.48971964228449e-05,507,1022
I,-0.08,-0.008892649319022894,-0.030707405414432287,7.95533829226694e-05,507,1022
I,-0.07,-0.012166614644229412,-0.035944768227636814,7.914775132955622e-05,507,1022
I,-0.06,-0.013483715243637562,-0.03749311249703169,8.568248959017321e-05,507,1022
I,-0.05,-0.013311791233718395,-0.040160369127988815,0.00010625889980673093,507,1022
I,-0.04,-0.008308863267302513,-0.03739591874182224,0.000160912136565441,507,1022
I,-0.03,0.00844674464315176,-0.046524932608008385,0.0002883174591529771,507,1022
I,-0.02,0.08321088552474976,0.05877204146236181,0.00044104978312020654,507,1022
I,-0.01,0.235152468085289,0.4129190593957901,0.0006297236660422779,507,1022
I,0.0,0.3018058091402054,0.627327024936676,0.0009695301664812166,507,1022
I,0.01,0.14591866731643677,0.3160637617111206,0.0004889596829138427,507,1022
I,0.02,0.017401373013854027,-0.00013819275773130357,0.00016365043290984048,507,1022
I,0.03,-0.019600585103034973,-0.03236941294744611,0.00010888263390514768,507,1022
I,0.04,-0.03592268377542496,-0.03653367515653372,9.09228886431992e-05,507,1022
I,0.05,-0.03779275715351105,-0.03525976091623306,8.665855806021144e-05,507,1022
I,0.06,-0.03902728855609894,-0.03815241530537605,8.010104466286557e-05,507,1022
I,0.07,-0.037728115916252136,-0.036918822675943375,8.040819668398296e-05,507,1022
I,0.08,-0.03901917114853859,-0.03668649308383465,8.039532481489714e-05,507,1022
I,0.09,-0.037816669791936874,-0.03344088979065418,8.47442281100712e-05,507,1022
I,0.1,-0.03334132581949234,-0.029746062587946653,8.184743887058986e-05,507,1022
I,0.11,-0.03232599049806595,-0.02682274766266346,8.689056397746468e-05,507,1022
I,0.12,-0.031183762475848198,-0.024332184344530106,8.97649351746654e-05,507,1022
I,0.13,-0.02934497408568859,-0.019759478163905442,8.711944309641124e-05,507,1022
I,0.14,-0.028205550275743008,-0.015971251763403416,9.518282523176968e-05,507,1022
I,0.15,-0.026763398200273514,-0.007292240625247359,9.860512631916313e-05,507,1022
I,0.16,-0.024962617084383965,-2.6123049792659003e-05,0.00010393883434124176,507,1022
I,0.17,-0.02104845829308033,0.009606426814571023,0.00011221397893789339,507,1022
I,0.18,-0.016983410343527794,0.01895281532779336,0.00012228102928062875,507,1022
I,0.19,-0.008446807507425547,0.0306421578861773,0.0001327759205324672,507,1022
I,0.2,-0.0007392029510810971,0.044595275074243546,0.00014632099536246513,507,1022
I,0.21,0.003768284572288394,0.05965740978717804,0.00015670400598100911,507,1022
I,0.22,0.007575717754662037,0.07256975024938583,0.0001651920455645719,507,1022
I,0.23,0.013019831851124763,0.08114572614431381,0.00016708560092135226,507,1022
I,0.24,0.014762277249246836,0.08791997469961643,0.0001720599555446363,507,1022
I,0.25,0.013447320088744164,0.08666477911174297,0.0001686714146227443,507,1022
I,0.26,0.016689245123416185,0.08149891160428524,0.00016852936826437114,507,1022
I,0.27,0.017467524856328964,0.07865943759679794,0.00015785359592529978,507,1022
I,0.28,0.015591188333928585,0.06252874806523323,0.00014660024533355475,507,1022
I,0.29,0.0153990238904953,0.04600756336003542,0.00014522551900883742,507,1022
I,0.3,0.01306448713876307,0.02982927393168211,0.00014449862794034527,507,1022
I,0.31,0.011782797519117594,0.018268860410898924,0.00014014639549373255,507,1022
I,0.32,0.010893256403505802,0.008378490805625916,0.00012841889570801838,507,1022
I,0.33,0.008907321840524673,0.0010296162508893758,0.000119772675809815,507,1022
I,0.34,0.006958894431591034,-0.002510920283384621,0.00012311444059188957,507,1022
I,0.35,0.004335702862590551,-0.006030062562786043,0.00011858164405618829,507,1022
I,0.36,0.0038784396601840854,-0.009219000639859587,0.00010814446473421392,507,1022
I,0.37,0.0019195801578462124,-0.01115157618187368,0.00010674982311134158,507,1022
I,0.38,0.0020488048903644085,-0.01256017666310072,0.00010691015910618206,507,1022
I,0.39,0.002458887582179159,-0.01278272399213165,0.00010681531671045514,507,1022
I,0.4,0.001465218490920961,-0.013915112474933267,0.00010954880962551529,507,1022
I,0.41,0.001430101168807596,-0.013420882634818554,0.00011007849850205555,507,1022
I,0.42,-0.0007560608792118728,-0.013109783176332712,0.0001125875169462379,507,1022
I,0.43,0.00017847177514340729,-0.013059328077360988,0.00011719735043683098,507,1022
I,0.44,6.103516057009983e-07,-0.012534433277323842,0.00012754561259621373,507,1022
I,0.45,-0.00011956559319514781,-0.012904937379062176,0.00012506907582128556,507,1022
I,0.46,-0.0015634536975994706,-0.013021267717704177,0.0001260734509535377,507,1022
I,0.47,-0.001657397486269474,-0.012880233582109213,0.00013228507083960146,507,1022
I,0.48,-0.0019382601021789014,-0.013112021842971444,0.0001377762977457493,507,1022
I,0.49,-0.004495739936828613,-0.012343197129666805,0.00013955946945545596,507,1022
I,0.5,-0.004933333024382591,-0.013450352009385824,0.0001300471433805789,507,1022
I,0.51,-0.006116888951510191,-0.014061430236324668,0.00013413375588337267,507,1022
I,0.52,-0.0038488429272547364,-0.014094229321926832,0.00014529964065496,507,1022
I,0.53,-0.0027698236517608166,-0.013702621683478355,0.00014861638865253923,507,1022
I,0.54,-0.00353973894380033,-0.015881771687418222,0.00014907304510318334,507,1022
I,0.55,-0.0038144271820783615,-0.015064706560224295,0.0001574967000576079,507,1022
I,0.56,-0.004348552320152521,-0.016741249710321426,0.00015081378234213898,507,1022
I,0.57,-0.0039406223222613335,-0.01570979133248329,0.0001497811086912885,507,1022
I,0.58,-0.004013150464743376,-0.01610199804417789,0.00015924640546185,507,1022
I,0.59,-0.004668359528295696,-0.015247513307258487,0.00015378319621259712,507,1022
II,-0.4,-0.00032894901232793927,-0.003549235640093684,9.429661625606776e-05,507,1022
II,-0.39,0.0008339264313690364,-0.005844381637871265,8.81452697223491e-05,507,1022
II,-0.38,0.0017337525496259332,-0.007257549441419542,9.191028458655587e-05,507,1022
II,-0.37,0.001821053483581636,-0.007392943138256669,8.686856367596653e-05,507,1022
II,-0.36,0.002603366272523999,-0.00739514350425452,8.873778600281757e-05,507,1022
II,-0.35,0.0041664582677185535,-0.009663800592534244,9.127092835609904e-05,507,1022
II,-0.34,0.0036678628530353308,-0.009568797424435616,9.167425227219135e-05,507,1022
II,-0.33,0.0028856671415269375,-0.011016538483090699,8.573198879994876e-05,507,1022
II,-0.32,0.0027329667937010527,-0.011384192272089422,8.828227477486059e-05,507,1022
II,-0.31,0.002259369008243084,-0.012611788231879473,7.92190290461765e-05,507,1022
II,-0.3,0.003052643733099103,-0.01315877865999937,7.67294024657327e-05,507,1022
II,-0.29,0.00502391392365098,-0.014615488238632679,7.689156238067372e-05,507,1022
II,-0.28,0.005275354254990816,-0.014810378663241863,7.186917633893479e-05,507,1022
II,-0.27,0.005188122857362032,-0.016053796745836735,6.724755725541823e-05,507,1022
II,-0.26,0.00430281413719058,-0.01616755162831396,6.883530939256518e-05,507,1022
II,-0.25,0.003820462505245814,-0.01662929099984467,6.848766616270461e-05,507,1022
II,-0.24,0.0037196872290223837,-0.015222863527014852,6.829242776112775e-05,507,1022
II,-0.23,0.0033946435432881117,-0.013928979635238647,6.821722874488091e-05,507,1022
II,-0.22,0.006379785481840372,-0.012819124851375818,7.591811906171885e-05,507,1022
II,-0.21,0.006257041823118925,-0.010395123477792367,7.17026630845803e-05,507,1022
II,-0.2,0.0074397053103893995,-0.006547440425492823,7.93669122051446e-05,507,1022
II,-0.19,0.0089533356949687,0.0016753567615523934,7.477472627872869e-05,507,1022
II,-0.18,0.009427022654563189,0.014472754206508398,8.011002284559032e-05,507,1022
II,-0.17,0.011172879487276077,0.023139034863561392,7.923501480438597e-05,507,1022
II,-0.16,0.012018212117254734,0.0293847369030118,7.83230546705437e-05,507,1022
II,-0.15,0.00962174590677023,0.03347117081284523,7.396578086792514e-05,507,1022
II,-0.14,0.007561875972896814,0.030847379006445408,7.281528560730552e-05,507,1022
II,-0.13,0.0034395901020616293,0.020724068162962794,6.880457217463065e-05,507,1022
II,-0.12,-0.0022197049111127853,0.0056229038164019585,6.616973860923231e-05,507,1022
II,-0.11,-0.005498032842297107,-0.011937331408262253,5.543540434539222e-05,507,1022
II,-0.1,-0.00950040016323328,-0.027304152492433786,5.562354490809653e-05,507,1022
II,-0.09,-0.014534351415932178,-0.03798065800219774,5.29500597053297e-05,507,1022
II,-0.08,-0.018220715457573533,-0.04412776231765747,5.932222022848557e-05,507,1022
II,-0.07,-0.0212753526866436,-0.050346141681075096,6.241265337358215e-05,507,1022
II,-0.06,-0.02419096790254116,-0.05076700448989868,7.721052080777332e-05,507,1022
II,-0.05,-0.021072864532470703,-0.049319468438625336,9.298142468773867e-05,507,1022
II,-0.04,-0.02260424755513668,-0.051756237633526325,0.00012543513715022973,507,1022
II,-0.03,-0.028724228963255882,-0.0537511445581913,0.0001459276495123369,507,1022
II,-0.02,0.0047150119207799435,0.02548112627118826,0.00016210335591357216,507,1022
II,-0.01,0.10917095467448235,0.2929043471813202,0.00028429414739737034,507,1022
II,0.0,0.250199094414711,0.5911599099636078,0.0006970066601567794,507,1022
II,0.01,0.11082176119089127,0.313078373670578,0.0002242040775404163,507,1022
II,0.02,-0.06551270186901093,-0.03700168803334236,0.00011364582948267653,507,1022
II,0.03,-0.06090816669166088,-0.06264190375804901,9.541500856085096e-05,507,1022
II,0.04,-0.056952256709337234,-0.05085446313023567,8.087450158477522e-05,507,1022
II,0.05,-0.04973912052810192,-0.04505085851997137,7.403034028771684e-05,507,1022
II,0.06,-0.04358081519603729,-0.047272657975554466,6.292605108093149e-05,507,1022
II,0.07,-0.036708954721689224,-0.0445365896448493,6.374970214557689e-05,507,1022
II,0.08,-0.03421810641884804,-0.0433823773637414,5.930201052616774e-05,507,1022
II,0.09,-0.030942306853830814,-0.03907686099410057,6.442392629065997e-05,507,1022
II,0.1,-0.028107425197958946,-0.03779656160622835,5.8493412478969286e-05,507,1022
II,0.11,-0.025705799460411072,-0.03431002888828516,6.415561554594436e-05,507,1022
II,0.12,-0.023624541237950325,-0.030747023411095142,5.830328350702399e-05,507,1022
II,0.13,-0.019855013117194176,-0.024354365188628435,6.594613430435869e-05,507,1022
II,0.14,-0.018927055411040783,-0.020569403190165758,6.538628976793006e-05,507,1022
II,0.15,-0.01447138749063015,-0.012093530502170324,6.983621509939011e-05,507,1022
II,0.16,-0.009751498699188232,-0.004012629186036065,7.321179108644611e-05,507,1022
II,0.17,-0.002286775008542463,0.007628139574080706,8.254294947940672e-05,507,1022
II,0.18,0.003786451299674809,0.017244955524802208,9.030294073006477e-05,507,1022
II,0.19,0.019654884934425354,0.031985869631171227,0.00010106044118105614,507,1022
II,0.2,0.02197941765189171,0.044991252943873405,0.00011267774218621942,507,1022
II,0.21,0.03283072728663683,0.05972644034773111,0.00012346223028549937,507,1022
II,0.22,0.037189241498708725,0.0723595954477787,0.00012607353875128375,507,1022
II,0.23,0.041021810844540596,0.08586486615240574,0.00013806087316975326,507,1022
II,0.24,0.04088733717799187,0.09296012297272682,0.00013643349700083083,507,1022
II,0.25,0.04082971252501011,0.09843812696635723,0.00013744182624449757,507,1022
II,0.26,0.03696916624903679,0.09946358948945999,0.0001268388840164084,507,1022
II,0.27,0.03256588336080313,0.08966905437409878,0.00011751088774493247,507,1022
II,0.28,0.03187313675880432,0.0786341205239296,0.00010964479144777003,507,1022
II,0.29,0.026380235329270363,0.0625869045034051,0.00010450328737499072,507,1022
II,0.3,0.022980323061347008,0.0483618238940835,9.860263998165278e-05,507,1022
II,0.31,0.019788743928074837,0.032234481535851955,9.613259150344814e-05,507,1022
II,0.32,0.01734195090830326,0.019410289358347654,9.110854129851554e-05,507,1022
II,0.33,0.015585478860884905,0.009172578458674252,8.500210212316412e-05,507,1022
II,0.34,0.013760712463408709,0.001722608314594254,8.203384862623721e-05,507,1022
II,0.35,0.010214000707492232,-0.0017434088076697662,8.252056729293606e-05,507,1022
II,0.36,0.008006563177332282,-0.005075181368738413,7.232732919763581e-05,507,1022
II,0.37,0.007600654847919941,-0.005923030781559646,7.342898009911889e-05,507,1022
II,0.38,0.006806535879150033,-0.00869603012688458,7.152676342350221e-05,507,1022
II,0.39,0.004780721850693226,-0.008981704246252775,7.22374207755768e-05,507,1022
II,0.4,0.005365079967305064,-0.009271597722545266,7.780989201779414e-05,507,1022
II,0.41,0.0037843124009668827,-0.009212387725710869,7.785439798536686e-05,507,1022
II,0.42,0.0018329464364796877,-0.00930965319275856,7.793906614723835e-05,507,1022
II,0.43,0.002035959856584668,-0.008743758662603796,7.85140735128769e-05,507,1022
II,0.44,-0.0005781021318398416,-0.008248002908658236,8.340512319735061e-05,507,1022
II,0.45,2.735137240961194e-05,-0.007125667994841933,8.905147440077089e-05,507,1022
II,0.46,0.00013333739480003715,-0.0057760721538215876,8.644539916465965e-05,507,1022
II,0.47,-0.0024875887320376933,-0.006662730942480266,9.300885868445151e-05,507,1022
II,0.48,-0.004945927765220404,-0.0061742442194372416,9.291560899755475e-05,507,1022
II,0.49,-0.0037201661616563797,-0.006803604308515787,9.15359589347587e-05,507,1022
II,0.5,-0.005845237988978624,-0.006907020229846239,9.093719527607607e-05,507,1022
II,0.51,-0.005446558119729161,-0.00800892198458314,9.630027948856563e-05,507,1022
II,0.52,-0.008391305804252625,-0.007806472829543054,0.00010450965534031053,507,1022
II,0.53,-0.009373887907713652,-0.00820160168223083,9.941513519086177e-05,507,1022
II,0.54,-0.011226502712816,-0.00973077630624175,0.00010232519978608173,507,1022
II,0.55,-0.010824457975104451,-0.010140466038137674,0.00010133038871442868,507,1022
II,0.56,-0.01175120275001973,-0.011648767162114382,9.850482614221676e-05,507,1022
II,0.57,-0.012456885538995266,-0.013661523582413793,9.743416766257455e-05,507,1022
II,0.58,-0.013911226764321327,-0.014942084439098835,9.84467919784635e-05,507,1022
II,0.59,-0.011504298076033592,-0.015046299900859594,9.629311072143813e-05,507,1022
III,-0.4,0.00019857974257320166,0.003953570732846856,0.0001055393626297182,507,1022
III,-0.39,0.0005253784474916756,0.004225970697007142,0.00010420702601179713,507,1022
III,-0.38,0.0018116033097612672,0.004420362412929535,0.0001054190355687874,507,1022
III,-0.37,0.0008604630129411817,0.0055669405264779925,0.00010306814281711536,507,1022
III,-0.36,0.0007649551844224334,0.005442649071483174,0.0001060894109919641,507,1022
III,-0.35,0.002206787234172225,0.004864272108534351,0.00010553081164276458,507,1022
III,-0.34,0.00187416622065939,0.00481041643070057,0.00010076772323921436,507,1022
III,-0.33,0.002095913718221709,0.00448852579575032,9.851438904297957e-05,507,1022
III,-0.32,0.0035488863941282034,0.0041679153218865395,9.890832835909188e-05,507,1022
III,-0.31,0.0042332622688263655,0.0038303754408843815,9.442684182856627e-05,507,1022
III,-0.3,0.003898789524100721,0.00403058307711035,9.095688101916051e-05,507,1022
III,-0.29,0.002171226544305682,0.0036436672671698034,9.171618696519022e-05,507,1022
III,-0.28,0.002752584288828075,0.003936969907954335,9.084831014164328e-05,507,1022
III,-0.27,0.005200570914894342,0.0037294282810762525,8.264567733709577e-05,507,1022
III,-0.26,0.003805900167208165,0.004087241657543927,8.82346310859978e-05,507,1022
III,-0.25,0.003332940861582756,0.0036466997116804123,8.533861961440563e-05,507,1022
III,-0.24,0.0025058172759599984,0.004452703462447971,8.394374158833305e-05,507,1022
III,-0.23,0.0024731839075684547,0.00441593729192391,8.654427797203283e-05,507,1022
III,-0.22,0.004767151083797216,0.006017548847012222,9.006269477690795e-05,507,1022
III,-0.21,0.003247319196816534,0.00792992056813091,8.596133375406643e-05,507,1022
III,-0.2,0.004189813509583473,0.00982546538580209,9.192911514599066e-05,507,1022
III,-0.19,0.006114428862929344,0.014135063160210848,8.864863775789601e-05,507,1022
III,-0.18,0.006021249108016491,0.018212871626019478,9.58950813153815e-05,507,1022
III,-0.17,0.006375634111464024,0.021563437738223,8.866064507925535e-05,507,1022
III,-0.16,0.005639694631099701,0.021134179085493088,9.363593191218356e-05,507,1022
III,-0.15,0.0056213159696199,0.02033364726230502,8.70441094214331e-05,507,1022
III,-0.14,0.0022495330777019262,0.014160411898046732,8.710172723342838e-05,507,1022
III,-0.13,-0.0005760345957241952,0.0068205756397219375,8.097778497545934e-05,507,1022
III,-0.12,-0.004216997418552637,-0.00018377452943241224,8.023590283429984e-05,507,1022
III,-0.11,-0.006613955833017826,-0.0064339450327679515,7.379072728246271e-05,507,1022
III,-0.1,-0.008497093571349978,-0.011407998390495777,6.926899829711564e-05,507,1022
III,-0.09,-0.010985969565808773,-0.011414931854233146,6.767206055711215e-05,507,1022
III,-0.08,-0.01197329442948103,-0.013713015243411064,6.823022342129962e-05,507,1022
III,-0.07,-0.014274503104388714,-0.013605974381789565,7.828254008711142e-05,507,1022
III,-0.06,-0.010931059718132019,-0.013247692957520485,0.00010162975115392603,507,1022
III,-0.05,-0.010240450501441956,-0.010971265845000744,0.00013236421457927952,507,1022
III,-0.04,-0.01724795438349247,-0.013951267581433058,0.00017288734172103888,507,1022
III,-0.03,-0.04360073059797287,-0.013028834713622928,0.00020221961618377432,507,1022
III,-0.02,-0.07116039842367172,-0.0275877732783556,0.0002664343184519638,507,1022
III,-0.01,-0.098210908472538,-0.07178591191768646,0.00025095996137489824,507,1022
III,0.0,-0.13878272473812103,-0.09939508885145187,0.0003386252379077222,507,1022
III,0.01,-0.13458029925823212,-0.07632215786725283,0.00037398762710800576,507,1022
III,0.02,-0.09638666361570358,-0.029193725436925888,0.00023842161194734143,507,1022
III,0.03,-0.030514299869537354,-0.018565234262496233,0.00017320786372132836,507,1022
III,0.04,-0.01327787060290575,-0.009634535061195493,0.0001385485161331321,507,1022
III,0.05,-0.0060813408344984055,-0.0068253177450969815,0.00011171456075265661,507,1022
III,0.06,-0.005285683553665876,-0.0051205315394327044,9.190720970814165e-05,507,1022
III,0.07,-0.0027611085679382086,-0.0036570664669852704,8.847880080472361e-05,507,1022
III,0.08,-0.0011131255887448788,-0.004583999747410417,8.099379598144235e-05,507,1022
III,0.09,0.0004681152931880206,-0.004073498654179275,8.339985185627216e-05,507,1022
III,0.1,0.0018156495643779635,-0.004414556038682349,7.748692613671923e-05,507,1022
III,0.11,0.003652391955256462,-0.004598449115292169,8.495176739509752e-05,507,1022
III,0.12,0.0038711526431143284,-0.004262686939910054,8.156722623704897e-05,507,1022
III,0.13,0.006453160662204027,-0.0033305580727756023,9.084675469587358e-05,507,1022
III,0.14,0.00890710111707449,-0.0024905571481212974,8.521760345452697e-05,507,1022
III,0.15,0.01036894740536809,-0.0024773404002189636,9.087019784241623e-05,507,1022
III,0.16,0.01311029028147459,-0.002070338945486583,9.389025012460862e-05,507,1022
III,0.17,0.015941765625029802,-0.0016301834839396179,0.00010414075148498114,507,1022
III,0.18,0.017579546198248863,-0.0009348102903459221,0.00010672264110796253,507,1022
III,0.19,0.021571265533566475,0.0004592150216922164,0.00011600647947741387,507,1022
III,0.2,0.022437313571572304,-0.00014096163317844912,0.00012169822976037663,507,1022
III,0.21,0.02312251180410385,0.001584965197253041,0.00012939400216256235,507,1022
III,0.22,0.025064343586564064,0.0036899791739415377,0.00012612728130865196,507,1022
III,0.23,0.02205825038254261,0.007139082590583712,0.00013454367053821717,507,1022
III,0.24,0.021409155800938606,0.00952476542443037,0.00013539401945203712,507,1022
III,0.25,0.019024832174181938,0.01236074068583548,0.00013274102876538685,507,1022
III,0.26,0.014749976806342602,0.01299074140843004,0.0001289943690902819,507,1022
III,0.27,0.010914986953139305,0.013101241551339626,0.00012480603174675769,507,1022
III,0.28,0.00902621541172266,0.013625811785459518,0.00012062053984532194,507,1022
III,0.29,0.007647658669156954,0.013177772518247366,0.0001187871386773478,507,1022
III,0.3,0.008441281272098422,0.012480258708819747,0.0001130852650142035,507,1022
III,0.31,0.006256524007767439,0.010259937029331923,0.00011077706383708355,507,1022
III,0.32,0.00556364469230175,0.009257472236640751,0.00010506157717031756,507,1022
III,0.33,0.00544341467320919,0.00821071327663958,0.00010633859339956986,507,1022
III,0.34,0.006497086491435766,0.0076616068836301565,0.00010076539230625239,507,1022
III,0.35,0.005510397022590041,0.006738060852512717,9.822587237986811e-05,507,1022
III,0.36,0.00633896654471755,0.006980154081247747,9.193047728634064e-05,507,1022
III,0.37,0.003597761271521449,0.007248392328619957,9.30911109018622e-05,507,1022
III,0.38,0.004217297770082951,0.006937828031368554,9.284935820804515e-05,507,1022
III,0.39,0.004363310523331165,0.006939537590369582,9.153334610437347e-05,507,1022
III,0.4,0.005036029499024153,0.007094870787113905,9.31603952739988e-05,507,1022
III,0.41,0.003443550318479538,0.007932764827273786,9.637227279875882e-05,507,1022
III,0.42,0.00293090459308587,0.008417859324254096,9.547861307579427e-05,507,1022
III,0.43,0.002054682932794094,0.007752424106001854,9.888635319384026e-05,507,1022
III,0.44,0.0012545677600428462,0.008239479269832373,9.767037951469313e-05,507,1022
III,0.45,0.0007519684149883687,0.008862492511980236,0.00010579492470696397,507,1022
III,0.46,0.002104049621266313,0.009278658661060035,0.00010569729702775753,507,1022
III,0.47,0.0027021546848118305,0.009516946971416473,0.00010829339867543556,507,1022
III,0.48,0.0005458152736537158,0.008942711632698774,0.00011111021580419085,507,1022
III,0.49,-0.0005361500661820173,0.008265337790362537,0.00011285179423691606,507,1022
III,0.5,-0.0005711487028747797,0.007779753068462014,0.00011417924654814752,507,1022
III,0.51,-0.001382619608193636,0.0076454514637589455,0.00011584132620680894,507,1022
III,0.52,-0.003465961664915085,0.006954460171982646,0.00011436967230173546,507,1022
III,0.53,-0.00587104819715023,0.006279347464442253,0.00011690530777236698,507,1022
III,0.54,-0.00613890727981925,0.004244975192705169,0.00011424076089018613,507,1022
III,0.55,-0.00708679249510169,0.004123995546251535,0.00011912812434614489,507,1022
III,0.56,-0.007481872569769621,0.003286618390120566,0.00012359907540470476,507,1022
III,0.57,-0.007176487240940332,0.001960327266715467,0.0001195080326932234,507,1022
III,0.58,-0.008246714249253273,0.0008013566912268288,0.00011377375100315784,507,1022
III,0.59,-0.0075993582140654325,0.002180891577154398,0.00011616505904365305,507,1022
aVR,-0.4,0.0018608864629641175,0.005793772405013442,0.0001704884650690061,507,1022
aVR,-0.39,0.0007165106362663209,0.007217423873953521,0.00016637232448244905,507,1022
aVR,-0.38,-0.0010218281531706452,0.00871782936155796,0.00016697177068265864,507,1022
aVR,-0.37,0.00015124112542252988,0.009610611596144736,0.00016546697828773795,507,1022
aVR,-0.36,0.00024434205261059105,0.009878232842311263,0.00016565483769015018,507,1022
aVR,-0.35,-0.00107973488047719,0.011092497734352946,0.0001625192188561045,507,1022
aVR,-0.34,-0.0017305322689935565,0.01131317624822259,0.00016402128638065127,507,1022
aVR,-0.33,-0.000762432930059731,0.012750223744660616,0.00016479137425667086,507,1022
aVR,-0.32,-0.0015889519563643262,0.0124364432413131,0.0001630905227117739,507,1022
aVR,-0.31,-0.0009343074634671211,0.013374850619584322,0.00016033513946927462,507,1022
aVR,-0.3,-0.003016809234395623,0.014426049077883363,0.00015695230016221344,507,1022
aVR,-0.29,-0.002139111515134573,0.015304364264011383,0.0001537104053704038,507,1022
aVR,-0.28,-0.002834511687979102,0.01491772779263556,0.00015212294737769792,507,1022
aVR,-0.27,-0.001982087502256036,0.016001485288143158,0.0001619617671589033,507,1022
aVR,-0.26,-0.0008099788683466613,0.01575573510490358,0.00014995924394380073,507,1022
aVR,-0.25,-0.002056730823824182,0.016536898910999298,0.00015374016352360232,507,1022
aVR,-0.24,-0.0024944811884779483,0.015708300983533263,0.00014961266485012353,507,1022
aVR,-0.23,-0.0018484833417460322,0.014628005214035511,0.00015305046116677277,507,1022
aVR,-0.22,-0.003515030024573207,0.01255460549145937,0.00014454560961975387,507,1022
aVR,-0.21,-0.0035594813525676727,0.012064821785315871,0.00014990044100632823,507,1022
aVR,-0.2,-0.005237207864411175,0.008994466159492731,0.00014596759030677654,507,1022
aVR,-0.19,-0.005224237393122166,0.004099800484254956,0.00015040568173824186,507,1022
aVR,-0.18,-0.006173673085868359,-0.003892644541338086,0.0001431952030196441,507,1022
aVR,-0.17,-0.007380315102636814,-0.014308856800198555,0.00013964415663625287,507,1022
aVR,-0.16,-0.007844145642593503,-0.019947963301092386,0.00014113822758490892,507,1022
aVR,-0.15,-0.008095362456515431,-0.02338453847914934,0.00013770521716354679,507,1022
aVR,-0.14,-0.004854038939811289,-0.02428347524255514,0.0001309753461208426,507,1022
aVR,-0.13,-0.0046026455238461494,-0.018741107545793056,0.00013031201173029541,507,1022
aVR,-0.12,-0.0007313637179322541,-0.009376775939017534,0.00013266333832573154,507,1022
aVR,-0.11,0.001332376734353602,0.00862621609121561,0.00012950168504968285,507,1022
aVR,-0.1,0.005513133481144905,0.020960803143680096,0.00013173671790531072,507,1022
aVR,-0.09,0.0095880595035851,0.03139546886086464,0.0001352291690792118,507,1022
aVR,-0.08,0.012657574377954006,0.03817110043019056,0.00012991964338543666,507,1022
aVR,-0.07,0.018644753843545914,0.042643964290618896,0.00014812100566362232,507,1022
aVR,-0.06,0.01907024346292019,0.04377674590796232,0.00014480617060266842,507,1022
aVR,-0.05,0.017081506550312042,0.04362285137176514,0.00016954138746583247,507,1022
aVR,-0.04,0.013321236241608858,0.04509342089295387,0.00016928763961103304,507,1022
aVR,-0.03,0.012327688746154308,0.053684609942138195,0.0002429190769720436,507,1022
aVR,-0.02,-0.036078207194805145,-0.03776093199849129,0.00019388563619292127,507,1022
aVR,-0.01,-0.1473519280552864,-0.33876460790634155,0.0003564888513248744,507,1022
aVR,0.0,-0.2542674392461777,-0.6381070911884308,0.0005800939768627856,507,1022
aVR,0.01,-0.10226628929376602,-0.3339325115084648,0.00037362755263392286,507,1022
aVR,0.02,0.030999142676591873,0.006918957631569356,0.00031233135037873503,507,1022
aVR,0.03,0.041974276304244995,0.0424839723855257,0.00026006892825883917,507,1022
aVR,0.04,0.04833854362368584,0.04565768875181675,0.00023549401108200792,507,1022
aVR,0.05,0.04696616157889366,0.04164662677794695,0.00020091510282624242,507,1022
aVR,0.06,0.04325251653790474,0.04317319393157959,0.00020740668237677798,507,1022
aVR,0.07,0.040161825716495514,0.040605745278298855,0.00016745217714810736,507,1022
aVR,0.08,0.03759248089045286,0.04030263237655163,0.00017948519919308394,507,1022
aVR,0.09,0.03449176996946335,0.03655594494193792,0.0001510510924303308,507,1022
aVR,0.1,0.03138620685786009,0.03349694050848484,0.00016815848316270644,507,1022
aVR,0.11,0.029242352582514286,0.03087088279426098,0.00015143293585346792,507,1022
aVR,0.12,0.02643585205078125,0.02792352670803666,0.0001647214490274626,507,1022
aVR,0.13,0.024714529514312744,0.022136417217552662,0.00015246854771126602,507,1022
aVR,0.14,0.02205139957368374,0.01894086296670139,0.0001581970421805142,507,1022
aVR,0.15,0.01909381290897727,0.010347562842071056,0.00015219237175187085,507,1022
aVR,0.16,0.014297815971076488,0.002333573705982417,0.00015542878540201745,507,1022
aVR,0.17,0.009504354558885098,-0.007089358463417739,0.00014674574464331065,507,1022
aVR,0.18,0.004186317673884332,-0.017714102985337377,0.0001483843548302426,507,1022
aVR,0.19,-0.003821347374469042,-0.029697523452341557,0.00014125384013407655,507,1022
aVR,0.2,-0.00972304493188858,-0.04313373938202858,0.00014505762207533634,507,1022
aVR,0.21,-0.019579961895942688,-0.05821104906499386,0.00014890776146323905,507,1022
aVR,0.22,-0.02196539007127285,-0.071888018399477,0.0001496386795389926,507,1022
aVR,0.23,-0.026915518566966057,-0.08582690730690956,0.0001476985121933179,507,1022
aVR,0.24,-0.02751917950809002,-0.09181559830904007,0.00015361692613349314,507,1022
aVR,0.25,-0.029623806476593018,-0.09356056712567806,0.0001544581778594071,507,1022
aVR,0.26,-0.027298415079712868,-0.09070713631808758,0.00015463166392062967,507,1022
aVR,0.27,-0.025580773130059242,-0.08194814808666706,0.00015109205395615202,507,1022
aVR,0.28,-0.02499475423246622,-0.07183591462671757,0.0001523828635848915,507,1022
aVR,0.29,-0.021177493035793304,-0.05683998391032219,0.0001575768586479241,507,1022
aVR,0.3,-0.01901990734040737,-0.03939301799982786,0.00015955376740041667,507,1022
aVR,0.31,-0.0179772786796093,-0.023476488888263702,0.00015939803962312303,507,1022
aVR,0.32,-0.013632901012897491,-0.01278895908035338,0.0001659940767900718,507,1022
aVR,0.33,-0.011389289051294327,-0.004697872558608651,0.0001642536043515101,507,1022
aVR,0.34,-0.01082185609266162,0.002103925566188991,0.0001648045413354166,507,1022
aVR,0.35,-0.007807692280039191,0.004340094339568168,0.00016138544111924996,507,1022
aVR,0.36,-0.006632424658164382,0.007027077197562903,0.00016181662979217984,507,1022
aVR,0.37,-0.005777273792773485,0.008418291807174683,0.0001579151151599791,507,1022
aVR,0.38,-0.00442404072964564,0.010304955765604973,0.0001574460355415134,507,1022
aVR,0.39,-0.003822794300504029,0.009878878016024828,0.00016194600918950178,507,1022
aVR,0.4,-0.002499955939128995,0.0108393847476691,0.00015999731478621502,507,1022
aVR,0.41,-0.0022774485405534506,0.010594213847070932,0.00015505538574282407,507,1022
aVR,0.42,-0.0013047425309196115,0.010790942003950477,0.00016541541138335886,507,1022
aVR,0.43,0.00022573128808289766,0.010129819624125957,0.00015828768160338523,507,1022
aVR,0.44,-0.00030739043722860515,0.010400019120424986,0.00016923734277688278,507,1022
aVR,0.45,0.0008027939475141466,0.00982964294962585,0.00016498558104238964,507,1022
aVR,0.46,0.0013467659009620547,0.009613499394617975,0.0001732785310697313,507,1022
aVR,0.47,0.0020920855458825827,0.009343041107058525,0.00018417668574499205,507,1022
aVR,0.48,0.002623515436425805,0.009568880079314113,0.0001845635588071948,507,1022
aVR,0.49,0.004071222152560949,0.009171740966849029,0.00018496045000832175,507,1022
aVR,0.5,0.0052870698273181915,0.010548381833359599,0.00018406877255418722,507,1022
aVR,0.51,0.005892244000278879,0.010494839516468346,0.00017783012906794386,507,1022
aVR,0.52,0.0074143060483038425,0.01088359038112685,0.0001854669777942247,507,1022
aVR,0.53,0.006212338805198669,0.011474122991785407,0.00018554998662722618,507,1022
aVR,0.54,0.007338140392675996,0.012917130952700973,0.0001823698857501439,507,1022
aVR,0.55,0.005229095637332648,0.013556891353800893,0.0001791483671744137,507,1022
aVR,0.56,0.0062554070027545094,0.014365462120622396,0.00018769510404564163,507,1022
aVR,0.57,0.006988760083913803,0.014687515329569578,0.00017889813044171313,507,1022
aVR,0.58,0.00547225377522409,0.015902079176157713,0.00017961702156853247,507,1022
aVR,0.59,0.005812721326947212,0.016085955314338207,0.00018271800348232902,507,1022
aVL,-0.4,-0.0011205230839550495,-0.006293132435530424,3.0758991938512475e-05,507,1022
aVL,-0.39,-0.0005264601441012928,-0.006854814710095525,3.155805834043189e-05,507,1022
aVL,-0.38,-0.0026562444400042295,-0.007029268774203956,3.0094605026007847e-05,507,1022
aVL,-0.37,-0.0013211604091338813,-0.008473731577396393,2.8983704578790162e-05,507,1022
aVL,-0.36,-0.002157542738132179,-0.00876570341642946,2.8441879203317335e-05,507,1022
aVL,-0.35,-0.0012516098795458674,-0.009000567253679037,3.142503992243955e-05,507,1022
aVL,-0.34,-0.0017703692428767681,-0.009565130370901898,2.968349588520139e-05,507,1022
aVL,-0.33,-0.002598715713247657,-0.009268599445931613,2.886845672302704e-05,507,1022
aVL,-0.32,-0.0019069303525611758,-0.009612380526959896,2.825684413228152e-05,507,1022
aVL,-0.31,-0.0007261474966071546,-0.009925842750817537,2.8255324368898867e-05,507,1022
aVL,-0.3,-0.001986801391467452,-0.01045234501361847,2.873825585503771e-05,507,1022
aVL,-0.29,-0.0009273399773519486,-0.011518267448991537,2.795855150489219e-05,507,1022
aVL,-0.28,-0.0006399902631528676,-0.011486830189824104,2.7669460191667947e-05,507,1022
aVL,-0.27,-0.001181674306280911,-0.011206631315872073,2.6846789924615397e-05,507,1022
aVL,-0.26,-0.0010634239733917639,-0.011527627008035779,2.7307640336326892e-05,507,1022
aVL,-0.25,-0.00045368995051831007,-0.010852115927264094,2.6510478683775183e-05,507,1022
aVL,-0.24,-0.0007912132714409381,-0.01086815632879734,2.5786031719634437e-05,507,1022
aVL,-0.23,-0.0026468217838555574,-0.01117790094576776,2.5464560399062416e-05,507,1022
aVL,-0.22,-0.0016557777998968959,-0.010276840068399906,2.514976303048523e-05,507,1022
aVL,-0.21,-0.0010366762289777398,-0.012024122290313244,2.5370064515144342e-05,507,1022
aVL,-0.2,-0.002713804831728339,-0.012009429046884179,2.4963659646817443e-05,507,1022
aVL,-0.19,-0.002436709823086858,-0.012554436223581433,2.522675957587625e-05,507,1022
aVL,-0.18,-0.0030115393456071615,-0.012139215832576156,2.516632864340487e-05,507,1022
aVL,-0.17,-0.002195593435317278,-0.013145824195817113,2.572190549322206e-05,507,1022
aVL,-0.16,-0.0016231769695878029,-0.008828847203403711,2.4548935792027763e-05,507,1022
aVL,-0.15,0.0002601940359454602,-0.0047546972637064755,2.4026206472859616e-05,507,1022
aVL,-0.14,-9.271012095268816e-05,-0.00012775801951647736,2.455937716088743e-05,507,1022
aVL,-0.13,0.00017102729907492176,0.0012928662326885387,2.444708275420455e-05,507,1022
aVL,-0.12,0.0026174227241426706,0.001976319821551442,2.260844717745176e-05,507,1022
aVL,-0.11,0.00235356274060905,-0.0001682453221292235,2.158160780081207e-05,507,1022
aVL,-0.1,0.0014830223517492414,-0.0030246975366026163,2.0045510808863295e-05,507,1022
aVL,-0.09,0.0019007126102223992,-0.006243990617804229,2.0305110909224356e-05,507,1022
aVL,-0.08,0.0016637124354019761,-0.009256294695660472,2.1132874647070113e-05,507,1022
aVL,-0.07,0.0007209614268504083,-0.010619487147778273,2.1464733073644776e-05,507,1022
aVL,-0.06,-0.000524936243891716,-0.01312944944947958,2.4477833967081007e-05,507,1022
aVL,-0.05,0.001845468272222206,-0.01589094544760883,3.0225458282771367e-05,507,1022
aVL,-0.04,0.006187531165778637,-0.012830442748963833,4.252573623811948e-05,507,1022
aVL,-0.03,0.024906491860747337,-0.016728521790355444,8.248322197845334e-05,507,1022
aVL,-0.02,0.07166814804077148,0.034660452511161566,0.00013113384529502022,507,1022
aVL,-0.01,0.17942745983600616,0.22685138136148453,0.00020866171959927577,507,1022
aVL,0.0,0.2269185185432434,0.3368499055504799,0.0002414631788505037,507,1022
aVL,0.01,0.14399700611829758,0.16965261846780777,0.00017457388719775252,507,1022
aVL,0.02,0.06025298312306404,0.014281803974881768,9.769130501031838e-05,507,1022
aVL,0.03,0.005942333023995161,-0.007725536066573113,5.244078680266313e-05,507,1022
aVL,0.04,-0.006377411540597677,-0.012723942752927542,3.5285525760985114e-05,507,1022
aVL,0.05,-0.011265617795288563,-0.015133805572986603,2.8866415633438787e-05,507,1022
aVL,0.06,-0.014395996928215027,-0.017702538520097733,2.3532586021217746e-05,507,1022
aVL,0.07,-0.017175327986478806,-0.01696034544147551,2.1844371000798574e-05,507,1022
aVL,0.08,-0.01837817020714283,-0.016263754107058048,2.077776326392553e-05,507,1022
aVL,0.09,-0.01872179191559553,-0.01584171666763723,2.119141944369919e-05,507,1022
aVL,0.1,-0.018026161938905716,-0.013634792063385248,2.0167798098819276e-05,507,1022
aVL,0.11,-0.017591433133929968,-0.011464186711236835,2.0576100036320682e-05,507,1022
aVL,0.12,-0.018027275800704956,-0.010865294840186834,2.1955345826251664e-05,507,1022
aVL,0.13,-0.018990278244018555,-0.007681729504838586,2.1519133639294023e-05,507,1022
aVL,0.14,-0.018067616969347,-0.0051685276557691395,2.3967919654139943e-05,507,1022
aVL,0.15,-0.01866398099809885,-0.0016010510735213757,2.4658392572081894e-05,507,1022
aVL,0.16,-0.01899743638932705,-0.00014898235167493112,2.7755764007272145e-05,507,1022
aVL,0.17,-0.019087912514805794,0.004460615207790397,2.8357264457117947e-05,507,1022
aVL,0.18,-0.016983260167762637,0.008369471761398017,3.076792721210037e-05,507,1022
aVL,0.19,-0.017433912493288517,0.01409285725094378,3.321740697175047e-05,507,1022
aVL,0.2,-0.01564624533057213,0.020434177480638027,3.382069089533447e-05,507,1022
aVL,0.21,-0.011336423456668854,0.02371774986386299,3.454972575177555e-05,507,1022
aVL,0.22,-0.007799627957865596,0.0311550865881145,3.583024572533938e-05,507,1022
aVL,0.23,-0.005145810078829527,0.03497030399739742,3.682572922922383e-05,507,1022
aVL,0.24,-0.002661841455847025,0.03623576462268829,3.804674527469102e-05,507,1022
aVL,0.25,-0.0006662346422672272,0.03667393513023853,3.759666276044447e-05,507,1022
aVL,0.26,0.0002431427055853419,0.03329143486917019,3.6976362269792906e-05,507,1022
aVL,0.27,0.0006351624033413827,0.027083398774266243,3.68794166199458e-05,507,1022
aVL,0.28,0.001347360223007854,0.020532973110675812,3.5921367218679324e-05,507,1022
aVL,0.29,0.001916580251418054,0.013248368864879012,3.536670405903203e-05,507,1022
aVL,0.3,0.00019047853129450232,0.005796687677502632,3.397327040545733e-05,507,1022
aVL,0.31,-0.0002960177735076286,0.0029512603650800884,3.1296976164815755e-05,507,1022
aVL,0.32,0.0006919739535078406,0.00022760872525395826,2.9056271428757855e-05,507,1022
aVL,0.33,-9.501534077571705e-05,-0.0023225022305268794,2.8541147322436422e-05,507,1022
aVL,0.34,-0.000925009255297482,-0.005021426361054182,3.0396906463636044e-05,507,1022
aVL,0.35,-0.0017965256702154875,-0.007128905854187906,2.8680748408170418e-05,507,1022
aVL,0.36,-0.0008283357601612806,-0.007475807564333081,2.6749172800823954e-05,507,1022
aVL,0.37,-0.0021032074000686407,-0.009004633873701096,2.5334780331244477e-05,507,1022
aVL,0.38,-0.000630670168902725,-0.009854659903794527,2.5982952379639703e-05,507,1022
aVL,0.39,-0.001811883645132184,-0.010890705976635218,2.5868716756075187e-05,507,1022
aVL,0.4,-0.0017844209214672446,-0.011489319149404764,2.6331416650071374e-05,507,1022
aVL,0.41,-0.00010050355194834992,-0.011908141430467367,2.6035900210150713e-05,507,1022
aVL,0.42,-0.00012441177386790514,-0.011703019961714745,2.695664459813316e-05,507,1022
aVL,0.43,-0.0006855774554423988,-0.010916899656876922,2.848873948967806e-05,507,1022
aVL,0.44,-0.0012488336069509387,-0.011004331754520535,3.12728209674639e-05,507,1022
aVL,0.45,-0.0009539434686303139,-0.0115716504806187,3.170595519339251e-05,507,1022
aVL,0.46,-0.00159842474386096,-0.012043576687574387,3.138395699885e-05,507,1022
aVL,0.47,-0.003698724089190364,-0.01174966525286436,3.540131490501191e-05,507,1022
aVL,0.48,-0.0016371201490983367,-0.011627939762547612,3.56067234394509e-05,507,1022
aVL,0.49,-0.002929545706138015,-0.01163391605950892,3.580327081668514e-05,507,1022
aVL,0.5,-0.002480844792444259,-0.010483268182724714,3.391498094893328e-05,507,1022
aVL,0.51,-0.001710193115286529,-0.011130445636808872,3.551320503261945e-05,507,1022
aVL,0.52,0.0007848938112147152,-0.010789467953145504,3.86086723444837e-05,507,1022
aVL,0.53,0.00253175082616508,-0.010586932301521301,4.0323085078326274e-05,507,1022
aVL,0.54,0.0023771560518071055,-0.010817956179380417,4.127131229882409e-05,507,1022
aVL,0.55,0.0031318606343120337,-0.010419977101264521,4.100927868283613e-05,507,1022
aVL,0.56,0.003068070625886321,-0.010628975927829742,4.330389902545191e-05,507,1022
aVL,0.57,0.004653168027289212,-0.010519761242903769,4.488401510464368e-05,507,1022
aVL,0.58,0.005035179783590138,-0.010227344348095357,4.4970218512531194e-05,507,1022
aVL,0.59,0.003698689164593816,-0.00909263314679265,4.3406875565935046e-05,507,1022
aVF,-0.4,0.0006266296841204166,8.474809146719053e-05,3.426878056618919e-05,507,1022
aVF,-0.39,0.0019028419628739357,-0.00040576326136942953,3.40493892937016e-05,507,1022
aVF,-0.38,0.001242996659129858,-9.313660484622233e-05,3.436332975713462e-05,507,1022
aVF,-0.37,0.0018504778854548931,-0.0013625460269395262,3.430729281021508e-05,507,1022
aVF,-0.36,0.002100363140925765,-0.0007571650785394013,3.4818972957794624e-05,507,1022
aVF,-0.35,0.002981863683089614,-0.0023343919310718775,3.481487488325209e-05,507,1022
aVF,-0.34,0.0023843751987442374,-0.002459355840983335,3.488153636385197e-05,507,1022
aVF,-0.33,0.0038552050245925784,-0.003303648380097002,3.523923924227825e-05,507,1022
aVF,-0.32,0.002928840694949031,-0.0036146491420367965,3.499189495241839e-05,507,1022
aVF,-0.31,0.0053103945683687925,-0.004722309880889952,3.3160212944281526e-05,507,1022
aVF,-0.3,0.004394223913550377,-0.004402426304295659,3.2397274756974356e-05,507,1022
aVF,-0.29,0.005461576860398054,-0.005524342879652977,3.2371381097321715e-05,507,1022
aVF,-0.28,0.004241777118295431,-0.005654738750308752,3.102434371516634e-05,507,1022
aVF,-0.27,0.004374716547317803,-0.006139240460470319,2.974987323490923e-05,507,1022
aVF,-0.26,0.004153667250648141,-0.006223068106919527,2.9752989778020814e-05,507,1022
aVF,-0.25,0.0025970395654439926,-0.007714370731264353,2.9236655786795214e-05,507,1022
aVF,-0.24,0.003582214587368071,-0.0062579691875725985,2.818971644667199e-05,507,1022
aVF,-0.23,0.0026902109384536743,-0.004980391880962998,2.8337068818627304e-05,507,1022
aVF,-0.22,0.0038438967894762754,-0.0037649724690709263,2.899416578817682e-05,507,1022
aVF,-0.21,0.0033918917179107666,-0.001891286636237055,2.8899641134416738e-05,507,1022
aVF,-0.2,0.005233387462794781,0.000498617097036913,2.9962128395094126e-05,507,1022
aVF,-0.19,0.0063340041087940335,0.005395243177190423,2.9512913327453473e-05,507,1022
aVF,-0.18,0.005638018250465393,0.015313468407839537,3.0675725887758295e-05,507,1022
aVF,-0.17,0.007646028185263276,0.02131208125501871,3.0353159510138715e-05,507,1022
aVF,-0.16,0.008080918341875076,0.024406657554209232,3.05421928725908e-05,507,1022
aVF,-0.15,0.006955769844353199,0.023653867188841105,2.9706192204627248e-05,507,1022
aVF,-0.14,0.006404566112905741,0.02024439536035061,3.063106928747114e-05,507,1022
aVF,-0.13,-0.00014902802649885416,0.01261258963495493,3.026787417458916e-05,507,1022
aVF,-0.12,-0.0021751527674496174,0.0002841879613697529,2.9652658748225314e-05,507,1022
aVF,-0.11,-0.0057704444479895756,-0.010457048250827938,2.7815588342922616e-05,507,1022
aVF,-0.1,-0.010680801933631301,-0.019302863627672195,2.5350433198961494e-05,507,1022
aVF,-0.09,-0.013044734951108694,-0.0231056846678257,2.4913262859957962e-05,507,1022
aVF,-0.08,-0.014884843956679106,-0.02800317481160164,2.481356225862272e-05,507,1022
aVF,-0.07,-0.019906606525182724,-0.031572671607136726,2.7085587524812058e-05,507,1022
aVF,-0.06,-0.017489388585090637,-0.031874862499535084,3.456642121821404e-05,507,1022
aVF,-0.05,-0.01740531623363495,-0.030964264180511236,4.672379513540285e-05,507,1022
aVF,-0.04,-0.020185114815831184,-0.03360883705317974,6.043908412037193e-05,507,1022
aVF,-0.03,-0.036454932764172554,-0.03356058802455664,7.001703625717671e-05,507,1022
aVF,-0.02,-0.03356885630637407,-0.006390533351805061,8.774741049206592e-05,507,1022
aVF,-0.01,-0.0031905388459563255,0.10043587535619736,0.00012078482213127232,507,1022
aVF,0.0,0.03201564773917198,0.23101244866847992,0.00018574208206864794,507,1022
aVF,0.01,-0.04701181873679161,0.09616718254983425,0.00013003357130630266,507,1022
aVF,0.02,-0.09216126054525375,-0.04213316785171628,8.112869495887875e-05,507,1022
aVF,0.03,-0.04553789272904396,-0.04361052252352238,5.6586701456135835e-05,507,1022
aVF,0.04,-0.03244367241859436,-0.03100199019536376,4.152531109942402e-05,507,1022
aVF,0.05,-0.024727558717131615,-0.02530697640031576,3.217367495788578e-05,507,1022
aVF,0.06,-0.022746259346604347,-0.026132140308618546,2.7511612588865862e-05,507,1022
aVF,0.07,-0.01768661104142666,-0.023761382792145014,2.5205487198968675e-05,507,1022
aVF,0.08,-0.015063764527440071,-0.023736882489174604,2.431155889623931e-05,507,1022
aVF,0.09,-0.013170885853469372,-0.02120788022875786,2.402488057572088e-05,507,1022
aVF,0.1,-0.011490329168736935,-0.021293329540640116,2.283647871966629e-05,507,1022
aVF,0.11,-0.009999832604080439,-0.01894997782073915,2.3667278423758413e-05,507,1022
aVF,0.12,-0.008131787180900574,-0.01750566205009818,2.3480756884176176e-05,507,1022
aVF,0.13,-0.004742677789181471,-0.014382166089490056,2.662316484300188e-05,507,1022
aVF,0.14,-0.0032099850941449404,-0.012243322795256972,2.8710795925293732e-05,507,1022
aVF,0.15,-0.0008456821087747812,-0.00881919963285327,3.175326565786241e-05,507,1022
aVF,0.16,0.0023454747861251235,-0.0034957624739035964,3.5157541807203814e-05,507,1022
aVF,0.17,0.006072463234886527,0.0009890360524877906,3.870672620485132e-05,507,1022
aVF,0.18,0.010782171739265323,0.006311814649961889,4.063589307184903e-05,507,1022
aVF,0.19,0.017985607497394085,0.014349221670727275,4.3213243632184706e-05,507,1022
aVF,0.2,0.02199135534465313,0.019598703365772963,4.541298463994455e-05,507,1022
aVF,0.21,0.026331834495067596,0.02692288625985384,4.709427472177523e-05,507,1022
aVF,0.22,0.027651190757751465,0.03444114699959755,4.5505525053726346e-05,507,1022
aVF,0.23,0.03213261254131794,0.04152126796543598,4.824842083709121e-05,507,1022
aVF,0.24,0.02526785247027874,0.04684497229754925,4.624574140171849e-05,507,1022
aVF,0.25,0.024120944552123547,0.048891592770814896,4.554788632959009e-05,507,1022
aVF,0.26,0.022872235625982285,0.04823807068169117,4.3928941099097255e-05,507,1022
aVF,0.27,0.020285405218601227,0.0432106452062726,4.2532168482553686e-05,507,1022
aVF,0.28,0.01875089295208454,0.04018926061689854,4.017437122286568e-05,507,1022
aVF,0.29,0.017409516498446465,0.03609265014529228,3.8183426882481244e-05,507,1022
aVF,0.3,0.01696481485851109,0.02530957479029894,3.67637711963266e-05,507,1022
aVF,0.31,0.01174657978117466,0.020400269888341427,3.621931017198982e-05,507,1022
aVF,0.32,0.012807206250727177,0.015036380384117365,3.449986559992914e-05,507,1022
aVF,0.33,0.01168809924274683,0.009105599082431581,3.445474346139439e-05,507,1022
aVF,0.34,0.008414297830313444,0.005107445060275495,3.334325755155398e-05,507,1022
aVF,0.35,0.008478669449687004,0.0023853436578065157,3.2748843949937745e-05,507,1022
aVF,0.36,0.0060701153706759214,0.0005806836052215658,3.169419889918032e-05,507,1022
aVF,0.37,0.004738573217764497,-1.9694520233315416e-05,3.176012822459133e-05,507,1022
aVF,0.38,0.004806153010576963,-0.0014357590698637068,3.1772470580600617e-05,507,1022
aVF,0.39,0.004287854302674532,-0.0015873521333560348,3.186995812973381e-05,507,1022
aVF,0.4,0.003820602152700303,-0.0018489421054255217,3.36047328331046e-05,507,1022
aVF,0.41,0.002832785598002374,-0.0010089954812428914,3.362232187688442e-05,507,1022
aVF,0.42,0.0029881068039685488,-0.0010275673976138933,3.367988266716159e-05,507,1022
aVF,0.43,0.0027434671064838767,-0.001143700530519709,3.3680920046799756e-05,507,1022
aVF,0.44,0.0013676861417479813,-0.0007408914098050445,3.431192354262514e-05,507,1022
aVF,0.45,0.0017254730919376016,-0.00018722230925050098,3.662780494778988e-05,507,1022
aVF,0.46,0.0011055947979912162,0.0009443164162803441,3.562545554326156e-05,507,1022
aVF,0.47,6.046714679541765e-05,3.918210313713644e-05,3.831119910689005e-05,507,1022
aVF,0.48,-0.001647757802857086,-0.00010631885379552841,3.87445270042479e-05,507,1022
aVF,0.49,-0.0009668091661296785,-0.0006276631829678081,3.7709531408699204e-05,507,1022
aVF,0.5,-0.002206884091719985,-0.0008415871416218579,3.77676275941165e-05,507,1022
aVF,0.51,-0.00423585157841444,-0.0009060447919182479,3.948204595077149e-05,507,1022
aVF,0.52,-0.0033289632410742342,-0.001159973966423422,3.999411725515562e-05,507,1022
aVF,0.53,-0.006313843536190689,-0.0015349070254160324,3.878970894210685e-05,507,1022
aVF,0.54,-0.006135060917586088,-0.003403963695745915,3.953138978949845e-05,507,1022
aVF,0.55,-0.008170897606760263,-0.004083999141585082,4.067905635947923e-05,507,1022
aVF,0.56,-0.009826339737628587,-0.005241619888693094,4.154072900296065e-05,507,1022
aVF,0.57,-0.009221539716236293,-0.007149484823457897,3.893895340879109e-05,507,1022
aVF,0.58,-0.011645852588117123,-0.007478633662685752,3.7279980517820325e-05,507,1022
aVF,0.59,-0.010767847183160484,-0.007490651099942625,3.679233197605141e-05,507,1022
V1,-0.4,0.008027661824598908,0.006897924235090613,7.99576130747023e-05,507,1022
V1,-0.39,0.006727361585944891,0.006291266647167504,7.144526222389732e-05,507,1022
V1,-0.38,0.005068118218332529,0.006286165153142065,6.837804409360335e-05,507,1022
V1,-0.37,0.004085221793502569,0.006184867117553949,6.759285895478229e-05,507,1022
V1,-0.36,0.005002731457352638,0.005116538843140006,6.864251684764065e-05,507,1022
V1,-0.35,0.004414672031998634,0.005702738766558468,6.991500348341481e-05,507,1022
V1,-0.34,0.005258026998490095,0.0059793912805616856,6.686322680542762e-05,507,1022
V1,-0.33,0.0042091067880392075,0.005730001255869865,6.580067249342133e-05,507,1022
V1,-0.32,0.003674353240057826,0.0057409279979765415,6.397887572093113e-05,507,1022
V1,-0.31,0.004519741400144994,0.005604586214758456,6.091692823177062e-05,507,1022
V1,-0.3,0.002673158422112465,0.005519011989235878,5.997730482730887e-05,507,1022
V1,-0.29,0.002748864935711026,0.0058095845161005855,5.839225514155341e-05,507,1022
V1,-0.28,0.0021714011672884226,0.0050457140896469355,5.4288063894777116e-05,507,1022
V1,-0.27,0.0007851662230677903,0.005455569601508614,5.523511311563601e-05,507,1022
V1,-0.26,0.002527943579480052,0.005267841508612037,5.222045980113342e-05,507,1022
V1,-0.25,0.0008927136659622192,0.0052223760285414755,5.5901125312899155e-05,507,1022
V1,-0.24,0.0008631013333797455,0.004382210492622107,5.5524058712353005e-05,507,1022
V1,-0.23,0.0014982317807152867,0.004102620529010892,5.5860672030504464e-05,507,1022
V1,-0.22,0.0016516511095687747,0.004022991852252744,5.4637456300581276e-05,507,1022
V1,-0.21,0.0007441650959663093,0.005026346072554588,5.326081032186521e-05,507,1022
V1,-0.2,-0.000351611350197345,0.005379436101065949,5.219767296096148e-05,507,1022
V1,-0.19,0.0013587037101387978,0.005005889863241464,5.482541514685637e-05,507,1022
V1,-0.18,0.0009662376251071692,0.0031714059587102383,5.370945483934209e-05,507,1022
V1,-0.17,-0.0005660522729158401,0.0009563293715473264,5.4724129319176746e-05,507,1022
V1,-0.16,-0.0028225588612258434,-0.005135693878401071,5.572825320718056e-05,507,1022
V1,-0.15,-0.004317814018577337,-0.013511410914361477,5.5573329710100115e-05,507,1022
V1,-0.14,-0.004830048761505168,-0.02049420867115259,5.3497465436572746e-05,507,1022
V1,-0.13,-0.004630670649930835,-0.023584787733852863,5.04127342880632e-05,507,1022
V1,-0.12,-0.0034416154958307743,-0.022880299482494593,4.371204184368969e-05,507,1022
V1,-0.11,-0.003170780371874571,-0.017625924199819565,4.055690713856609e-05,507,1022
V1,-0.1,-0.0035048797726631165,-0.010346206370741129,3.982771103507186e-05,507,1022
V1,-0.09,0.000634561205515638,-0.0030047757318243384,3.7423177449005967e-05,507,1022
V1,-0.08,0.0010020355693995953,0.0016334858955815434,3.776239515189357e-05,507,1022
V1,-0.07,0.006585995201021433,0.004927030036924407,4.4746640895941225e-05,507,1022
V1,-0.06,0.009398096241056919,0.007624544203281403,5.5368943321956514e-05,507,1022
V1,-0.05,0.012503511272370815,0.010543102864176035,7.549145264015516e-05,507,1022
V1,-0.04,0.009129230864346027,0.018780989572405815,0.0001054551598165501,507,1022
V1,-0.03,0.018004262819886208,0.05354554392397404,0.00016127389425364048,507,1022
V1,-0.02,-0.012634375365450978,0.06140070874243975,0.00023829933474712358,507,1022
V1,-0.01,-0.19061362743377686,-0.2129247598350048,0.0003946960342082993,507,1022
V1,0.0,-0.3698887526988983,-0.6036432832479477,0.0004779469964574695,507,1022
V1,0.01,-0.28300201892852783,-0.5582594275474548,0.0003746438759877486,507,1022
V1,0.02,-0.11910306662321091,-0.25861263647675514,0.0002827573110962554,507,1022
V1,0.03,-0.028224557638168335,-0.08767484687268734,0.00017605397850211513,507,1022
V1,0.04,0.012509145308285952,-0.0060097487876191735,0.00011878294535996318,507,1022
V1,0.05,0.024210885167121887,0.0196674601174891,8.952519587759249e-05,507,1022
V1,0.06,0.030620464123785496,0.03281364170834422,7.224887876902383e-05,507,1022
V1,0.07,0.031256936490535736,0.03731061331927776,5.3161428213977645e-05,507,1022
V1,0.08,0.03140410780906677,0.039338741451501846,4.9896929103029e-05,507,1022
V1,0.09,0.028567848727107048,0.0397530160844326,4.424845005254214e-05,507,1022
V1,0.1,0.029980426654219627,0.04077623039484024,4.571027680344175e-05,507,1022
V1,0.11,0.029453597031533718,0.04042082745581865,4.3909268090729516e-05,507,1022
V1,0.12,0.028650800697505474,0.04082675464451313,4.543668059746614e-05,507,1022
V1,0.13,0.02899764943867922,0.03996273875236511,4.705085875521348e-05,507,1022
V1,0.14,0.03025336004793644,0.039848714135587215,5.039530125527006e-05,507,1022
V1,0.15,0.029979435727000237,0.039219542406499386,5.298094315793159e-05,507,1022
V1,0.16,0.0270452331751585,0.03858581744134426,5.7540098515534504e-05,507,1022
V1,0.17,0.025536080822348595,0.03522024396806955,5.9947961896673384e-05,507,1022
V1,0.18,0.025003015995025635,0.03173210518434644,6.242100668622695e-05,507,1022
V1,0.19,0.023590974509716034,0.027087698690593243,6.778648317749964e-05,507,1022
V1,0.2,0.02024656906723976,0.021980159915983677,7.59446313072034e-05,507,1022
V1,0.21,0.014571676962077618,0.01666958909481764,8.023493982943534e-05,507,1022
V1,0.22,0.00766977621242404,0.008601712994277477,8.338144873213484e-05,507,1022
V1,0.23,0.0010664258152246475,-0.0013842720654793084,8.438261240486692e-05,507,1022
V1,0.24,0.0015716781636001542,-0.008497672155499458,8.434800360936378e-05,507,1022
V1,0.25,-0.002906935871578753,-0.012543509947136045,8.06840944665931e-05,507,1022
V1,0.26,-0.003028921550139785,-0.01579577219672501,7.925054088302781e-05,507,1022
V1,0.27,-0.0051241000182926655,-0.014751545386388898,7.583463794535487e-05,507,1022
V1,0.28,-0.006654180004261434,-0.01339529873803258,7.287929623781095e-05,507,1022
V1,0.29,-0.007344929035753012,-0.01139948470517993,6.650125603178737e-05,507,1022
V1,0.3,-0.006304272770648822,-0.008730881265364587,6.582544668818313e-05,507,1022
V1,0.31,-0.006266877055168152,-0.005030436615925282,6.247919677061015e-05,507,1022
V1,0.32,-0.005964824929833412,-0.0024049667990766466,5.9014643149010856e-05,507,1022
V1,0.33,-0.0034008697839453816,-0.0005336511821951717,5.869733069746725e-05,507,1022
V1,0.34,-0.004249872174113989,0.0006259647780098021,5.938377413641758e-05,507,1022
V1,0.35,-0.002744840458035469,0.0024625977966934443,5.9933972127325216e-05,507,1022
V1,0.36,-0.00035063325776718557,0.0036045321612618864,5.95294769454883e-05,507,1022
V1,0.37,-0.0004903553126496263,0.005277484480757266,5.754543154171428e-05,507,1022
V1,0.38,6.207311525940895e-05,0.006444706115871668,5.9626845674790776e-05,507,1022
V1,0.39,-0.00018010025087278336,0.006509121041744947,5.8447804892669474e-05,507,1022
V1,0.4,0.0009595364390406758,0.006421356811188161,6.2800783035638e-05,507,1022
V1,0.41,0.000638418598100543,0.007592829875648022,6.317778138163837e-05,507,1022
V1,0.42,0.00017211381054949015,0.008494479959153978,6.950580836660093e-05,507,1022
V1,0.43,0.0002534103696234524,0.008476254995912313,7.414875767020519e-05,507,1022
V1,0.44,0.0004990017041563988,0.008793900487944484,8.026295375757433e-05,507,1022
V1,0.45,0.002655823016539216,0.008275813306681812,8.00186737945878e-05,507,1022
V1,0.46,0.0026950111496262252,0.007685292628593743,7.976623924730572e-05,507,1022
V1,0.47,0.0006795418448746204,0.006797493784688413,8.03590301291726e-05,507,1022
V1,0.48,0.0030474469531327486,0.006603472982533276,8.40874223806196e-05,507,1022
V1,0.49,0.002215047599747777,0.006686523789539933,8.248292563189982e-05,507,1022
V1,0.5,0.0012950057862326503,0.005607498693279922,7.787931849682911e-05,507,1022
V1,0.51,0.002031311159953475,0.0045950080384500325,8.186209491847077e-05,507,1022
V1,0.52,0.002763556083664298,0.00404226960381493,9.216771743369392e-05,507,1022
V1,0.53,0.0029248492792248726,0.003426947587286122,9.328550818504289e-05,507,1022
V1,0.54,0.0007797806174494326,0.002746585989370942,9.487162585419842e-05,507,1022
V1,0.55,0.0018009578343480825,0.002757217618636787,9.587850400473227e-05,507,1022
V1,0.56,0.0019925290253013372,0.002807926735840738,9.685257316745801e-05,507,1022
V1,0.57,0.0016207993030548096,0.003004794052685611,0.00010046977993581068,507,1022
V1,0.58,0.0018468095222488046,0.002223632181994617,9.916370603477093e-05,507,1022
V1,0.59,0.003762345528230071,0.0013612258408102207,0.00010157544114510897,507,1022
V2,-0.4,0.016667225630953908,0.0019453217755653895,8.3228620792821e-05,507,1022
V2,-0.39,0.014599290676414967,0.00034917583889182424,8.795730926306372e-05,507,1022
V2,-0.38,0.014130011200904846,-0.00017664939514361322,8.107342061783589e-05,507,1022
V2,-0.37,0.014208503067493439,-0.0006564246723428369,7.870072386021064e-05,507,1022
V2,-0.36,0.014462794177234173,-0.0012337330263108015,7.742851013402715e-05,507,1022
V2,-0.35,0.014063777402043343,-0.002914379583671689,7.36366127248472e-05,507,1022
V2,-0.34,0.011950742453336716,-0.0037636288616340607,7.052905942945005e-05,507,1022
V2,-0.33,0.012274408712983131,-0.006003160960972309,6.986662612972218e-05,507,1022
V2,-0.32,0.010969972994644195,-0.007971381768584251,6.812217472561998e-05,507,1022
V2,-0.31,0.011009815149009228,-0.009965887758880854,6.409986940612166e-05,507,1022
V2,-0.3,0.010858944617211819,-0.010215245885774493,5.984072543056675e-05,507,1022
V2,-0.29,0.009300261735916138,-0.011947509832680225,5.807769362924802e-05,507,1022
V2,-0.28,0.007504815817810595,-0.012602841015905142,5.6141004606098126e-05,507,1022
V2,-0.27,0.008296995423734188,-0.013630744069814682,5.295245021932872e-05,507,1022
V2,-0.26,0.007365596015006304,-0.013910211157053709,5.065407983666518e-05,507,1022
V2,-0.25,0.004937305115163326,-0.014983986504375935,4.998147807481824e-05,507,1022
V2,-0.24,0.0037757554091513157,-0.014611897524446249,4.8520876352888663e-05,507,1022
V2,-0.23,0.002721094060689211,-0.015656364848837256,4.727243724118173e-05,507,1022
V2,-0.22,0.000876300036907196,-0.015803604619577527,4.583384123227473e-05,507,1022
V2,-0.21,-0.000445774481704575,-0.0160659896209836,4.2968518852298236e-05,507,1022
V2,-0.2,-0.001764649641700089,-0.015040175756439567,4.026939666026351e-05,507,1022
V2,-0.19,-0.0025496340822428465,-0.014397669117897749,3.7989102881527684e-05,507,1022
V2,-0.18,-0.003609747735026758,-0.015542823821306229,3.690477307163815e-05,507,1022
V2,-0.17,-0.006548289209604263,-0.015452764462679625,3.574587419340599e-05,507,1022
V2,-0.16,-0.006936578545719385,-0.01598779670894146,3.590581143823971e-05,507,1022
V2,-0.15,-0.00961434468626976,-0.019995151087641716,3.439926908193691e-05,507,1022
V2,-0.14,-0.013425299897789955,-0.024164381437003613,3.366607956756763e-05,507,1022
V2,-0.13,-0.01352133508771658,-0.030372691340744495,3.296052695504701e-05,507,1022
V2,-0.12,-0.01625194028019905,-0.03337052837014198,3.0219165563878477e-05,507,1022
V2,-0.11,-0.017511090263724327,-0.03564075566828251,3.0467509300063445e-05,507,1022
V2,-0.1,-0.016473316121846437,-0.03656153008341789,2.8749883011163333e-05,507,1022
V2,-0.09,-0.017264876514673233,-0.03737879358232021,2.874725919386815e-05,507,1022
V2,-0.08,-0.016755365766584873,-0.03528009541332722,3.317417543637479e-05,507,1022
V2,-0.07,-0.015331787057220936,-0.03645269572734833,4.07903883431624e-05,507,1022
V2,-0.06,-0.014768622815608978,-0.03356547001749277,5.197175545006717e-05,507,1022
V2,-0.05,-0.009235494071617723,-0.03297230415046215,6.470417453314977e-05,507,1022
V2,-0.04,-0.003552009118720889,-0.017996610142290592,9.01509690647266e-05,507,1022
V2,-0.03,0.024650288745760918,0.04524953290820122,0.0001699891086626932,507,1022
V2,-0.02,0.03264095913618803,0.14895576238632202,0.00028588075163285076,507,1022
V2,-0.01,-0.0650523230433464,0.048707542940974236,0.00040968838201400584,507,1022
V2,0.0,-0.35457830131053925,-0.43004321306943893,0.0005071496349184583,507,1022
V2,0.01,-0.4339524805545807,-0.643792524933815,0.00048255956451198964,507,1022
V2,0.02,-0.28856414556503296,-0.4571067988872528,0.0003147895492234571,507,1022
V2,0.03,-0.13200511038303375,-0.18013468757271767,0.0001729103667232925,507,1022
V2,0.04,-0.05258675292134285,-0.049869769252836704,0.00010974989006629197,507,1022
V2,0.05,-0.020977796986699104,-0.009115406428463757,7.299403349894902e-05,507,1022
V2,0.06,-0.005507550667971373,0.00838908867444843,5.2032149093966244e-05,507,1022
V2,0.07,0.002455413923598826,0.0190757904201746,4.132736058981909e-05,507,1022
V2,0.08,0.005473898956552148,0.024225875735282898,3.652083230693266e-05,507,1022
V2,0.09,0.009073288878425956,0.030715242959558964,3.56215126869593e-05,507,1022
V2,0.1,0.011559824459254742,0.03403380140662193,3.8059326117550725e-05,507,1022
V2,0.11,0.013969114981591702,0.04025970585644245,4.170138526323242e-05,507,1022
V2,0.12,0.016252435743808746,0.04486730229109526,4.50246643144838e-05,507,1022
V2,0.13,0.020008696243166924,0.05368310026824474,4.869858083504047e-05,507,1022
V2,0.14,0.025359597988426685,0.05936173349618912,5.491868667389976e-05,507,1022
V2,0.15,0.03008973505347967,0.0680034440010786,6.008267357992047e-05,507,1022
V2,0.16,0.038000915199518204,0.07854531332850456,6.824501229047323e-05,507,1022
V2,0.17,0.04055779054760933,0.09029220044612885,7.597552077892885e-05,507,1022
V2,0.18,0.04776276275515556,0.10332454182207584,8.302404987350224e-05,507,1022
V2,0.19,0.05526477098464966,0.11626360937952995,9.56465397781139e-05,507,1022
V2,0.2,0.06270363181829453,0.12434717826545238,0.00010165810657601629,507,1022
V2,0.21,0.05969733186066151,0.13829433545470238,0.00010528628575194792,507,1022
V2,0.22,0.06768591701984406,0.1444992572069168,0.00010599834313414109,507,1022
V2,0.23,0.059346018359065056,0.14590992778539658,0.00010381048763841588,507,1022
V2,0.24,0.055200278759002686,0.1381068415939808,0.0001026546770433145,507,1022
V2,0.25,0.04980294220149517,0.12544651329517365,9.671043097129217e-05,507,1022
V2,0.26,0.048093244433403015,0.10956527665257454,9.486124031438995e-05,507,1022
V2,0.27,0.038413796573877335,0.08880362287163734,9.474830530096033e-05,507,1022
V2,0.28,0.03327160328626633,0.06493270583450794,9.019955815643933e-05,507,1022
V2,0.29,0.023875238373875618,0.046530699357390404,8.38838080650302e-05,507,1022
V2,0.3,0.016408253461122513,0.03121586050838232,7.67886313074005e-05,507,1022
V2,0.31,0.01162453810684383,0.019356805365532637,7.183171401557821e-05,507,1022
V2,0.32,0.009557502809911966,0.009882868966087699,6.491372567395977e-05,507,1022
V2,0.33,0.009955469518899918,0.0034074142458848655,6.222196497262124e-05,507,1022
V2,0.34,0.005940644536167383,0.0009441252839224035,6.136994106963299e-05,507,1022
V2,0.35,0.004241186659783125,-0.00040580600034445524,5.857382196247464e-05,507,1022
V2,0.36,0.0032010392751544714,-0.0014289517421275377,5.734565384668705e-05,507,1022
V2,0.37,0.0013766007032245398,-0.0020332536951173097,5.6026103727524707e-05,507,1022
V2,0.38,0.001537066767923534,-0.003300046781077981,5.5900048101977354e-05,507,1022
V2,0.39,-0.0003352661442477256,-0.003347018384374678,5.741416232304994e-05,507,1022
V2,0.4,0.0007869261899031699,-0.004006300587207079,5.622238605254406e-05,507,1022
V2,0.41,-0.0007914650777820498,-0.003177585080265999,5.3261321322081095e-05,507,1022
V2,0.42,-0.0012356149090919644,-0.0026702048489823937,5.575314993276991e-05,507,1022
V2,0.43,-0.0025942628271877766,-0.002709000778850168,6.327913144622924e-05,507,1022
V2,0.44,-0.0012079066364094615,-0.002425004029646516,7.032012416022799e-05,507,1022
V2,0.45,-0.0023170376662164927,-0.0029203438898548484,7.294531949456446e-05,507,1022
V2,0.46,-0.001968270167708397,-0.004227186553180218,7.28480753538373e-05,507,1022
V2,0.47,-0.003942484501749277,-0.004068905531312339,7.878911212125374e-05,507,1022
V2,0.48,-0.003990595694631338,-0.0050365126226097345,8.376229892940524e-05,507,1022
V2,0.49,-0.006434192880988121,-0.0067677434999495745,8.131387906771731e-05,507,1022
V2,0.5,-0.005257892422378063,-0.008133215829730034,8.611275489765675e-05,507,1022
V2,0.51,-0.004740234464406967,-0.009546367917209864,8.903248803842088e-05,507,1022
V2,0.52,-0.006662668893113732,-0.010766447987407446,9.567507197785556e-05,507,1022
V2,0.53,-0.0067253815941512585,-0.012278798501938581,9.80121944272111e-05,507,1022
V2,0.54,-0.004328482318669558,-0.015652189264073968,9.904307123171041e-05,507,1022
V2,0.55,-0.005442577879875898,-0.01633066264912486,0.00010079864333964582,507,1022
V2,0.56,-0.004601013686624356,-0.01663413643836975,0.00010319427777878859,507,1022
V2,0.57,-0.0026307538500986993,-0.017848444171249866,0.00010181298984147134,507,1022
V2,0.58,-0.001903839933220297,-0.01826853910461068,9.846544532288073e-05,507,1022
V2,0.59,-0.0034862705506384373,-0.019592787139117718,8.929617888446188e-05,507,1022
V3,-0.4,0.009935349225997925,0.0028139735804870725,7.779957354938606e-05,507,1022
V3,-0.39,0.011608862318098545,0.0009568693058099598,7.899168602897502e-05,507,1022
V3,-0.38,0.013236283557489514,0.000354122748831287,7.764225825450005e-05,507,1022
V3,-0.37,0.01249363156966865,-0.001905732846353203,7.852851149576205e-05,507,1022
V3,-0.36,0.012451911345124245,-0.00261389760999009,8.026389230322808e-05,507,1022
V3,-0.35,0.010204653721302748,-0.003628328035119921,7.773052755354735e-05,507,1022
V3,-0.34,0.009691165760159492,-0.006535395659739152,7.997564941814068e-05,507,1022
V3,-0.33,0.008111975766951218,-0.008790018851868808,7.932679546633758e-05,507,1022
V3,-0.32,0.007744950009509921,-0.009760905522853136,7.585483015579659e-05,507,1022
V3,-0.31,0.011429729638621211,-0.011905999039299786,7.067978200444978e-05,507,1022
V3,-0.3,0.009085296536795795,-0.011928102932870388,6.467974179036513e-05,507,1022
V3,-0.29,0.009827631554799154,-0.014842418488115072,6.0350300021525456e-05,507,1022
V3,-0.28,0.008367774076759815,-0.01577916950918734,5.572237059597268e-05,507,1022
V3,-0.27,0.008315089158713818,-0.01800588145852089,5.1770675608176074e-05,507,1022
V3,-0.26,0.007797024678438902,-0.017778158653527498,4.812068577415625e-05,507,1022
V3,-0.25,0.006601269822567701,-0.018583910539746284,4.5759939956238014e-05,507,1022
V3,-0.24,0.007031717337667942,-0.016697488725185394,4.4447479758103236e-05,507,1022
V3,-0.23,0.006040597800165415,-0.018620687071233988,4.432251988232079e-05,507,1022
V3,-0.22,0.004937635123496875,-0.017021012492477894,4.4785016400243806e-05,507,1022
V3,-0.21,0.0044941408559679985,-0.016372290207073092,4.249525860237082e-05,507,1022
V3,-0.2,0.0038811734411865473,-0.012274040840566158,4.234299228871538e-05,507,1022
V3,-0.19,0.0028506373055279255,-0.007868702639825642,4.196596199781054e-05,507,1022
V3,-0.18,0.006215495799551718,-0.003500552847981453,4.040472377601362e-05,507,1022
V3,-0.17,0.0027550008380785584,-9.403787407791242e-05,3.909779125183353e-05,507,1022
V3,-0.16,0.0037677125073969364,0.0018600945768412203,3.7544144604328645e-05,507,1022
V3,-0.15,-0.0012351745972409844,-0.0015580018516629934,3.591789853319872e-05,507,1022
V3,-0.14,-0.0011910401517525315,-0.008015359402634203,3.7135181141073186e-05,507,1022
V3,-0.13,-0.008912519086152315,-0.01760840741917491,3.629215476253142e-05,507,1022
V3,-0.12,-0.012949476484209299,-0.025744305457919836,3.441979621415068e-05,507,1022
V3,-0.11,-0.014644495211541653,-0.03402301110327244,3.392463259129382e-05,507,1022
V3,-0.1,-0.01859058253467083,-0.04008651431649923,3.3458806023604574e-05,507,1022
V3,-0.09,-0.021649513393640518,-0.04689265973865986,3.471497754653244e-05,507,1022
V3,-0.08,-0.022160021122545004,-0.04825396463274956,3.788833231639508e-05,507,1022
V3,-0.07,-0.024776004254817963,-0.05107587203383446,4.6964356220195525e-05,507,1022
V3,-0.06,-0.024127846583724022,-0.04909524507820606,6.432403467852316e-05,507,1022
V3,-0.05,-0.020279258023947477,-0.04738915339112282,9.052752612047188e-05,507,1022
V3,-0.04,-0.006785460980609059,-0.03926031198352575,0.00013128124238576624,507,1022
V3,-0.03,0.004519676323980093,0.0026523678097873926,0.000186993855862892,507,1022
V3,-0.02,0.044316744431853294,0.1661592647433281,0.0002690779270553766,507,1022
V3,-0.01,-0.07130829244852066,0.3061556816101074,0.0003783053780156368,507,1022
V3,0.0,-0.3347374349832535,0.09379180148243904,0.0004226129247026013,507,1022
V3,0.01,-0.4372713267803192,-0.3650377690792084,0.00031484310317185434,507,1022
V3,0.02,-0.3862529695034027,-0.4730640649795532,0.0002420891036548786,507,1022
V3,0.03,-0.20050214231014252,-0.23926103115081787,0.00015419325579101126,507,1022
V3,0.04,-0.10211528092622757,-0.09398707002401352,9.773172943865789e-05,507,1022
V3,0.05,-0.057748205959796906,-0.044684549793601036,6.13940567552492e-05,507,1022
V3,0.06,-0.03736850619316101,-0.03011178318411112,4.1340966375434936e-05,507,1022
V3,0.07,-0.023495512083172798,-0.01696074940264225,3.161348946051277e-05,507,1022
V3,0.08,-0.015972502529621124,-0.010284109623171389,2.9301242166309086e-05,507,1022
V3,0.09,-0.009576078038662672,-0.0007739268330624327,2.7710043215344596e-05,507,1022
V3,0.1,-0.007493677083402872,0.002922503412264632,2.973112499691183e-05,507,1022
V3,0.11,-0.001024384400807321,0.011491655837744474,3.131914970209542e-05,507,1022
V3,0.12,0.003003039862960577,0.016992611344903708,3.5598549451779316e-05,507,1022
V3,0.13,0.013215821236371994,0.024333066307008266,3.929287475667526e-05,507,1022
V3,0.14,0.02097184769809246,0.03093611216172576,4.793425778449787e-05,507,1022
V3,0.15,0.027966363355517387,0.04215901158750057,5.7305834940447396e-05,507,1022
V3,0.16,0.0393444299697876,0.05051884800195694,6.603263043255662e-05,507,1022
V3,0.17,0.04584602639079094,0.0635741101577878,7.661643611558638e-05,507,1022
V3,0.18,0.058497488498687744,0.07442914880812168,8.974126771968035e-05,507,1022
V3,0.19,0.07316271215677261,0.09485977329313755,0.00010493152027997469,507,1022
V3,0.2,0.07950267195701599,0.10830303840339184,0.00011545816967276235,507,1022
V3,0.21,0.08384709060192108,0.12174185924232006,0.00012331457726466157,507,1022
V3,0.22,0.08542683348059654,0.1313411071896553,0.00012028819686680966,507,1022
V3,0.23,0.08901683986186981,0.13860827311873436,0.0001221085506361583,507,1022
V3,0.24,0.08332489430904388,0.14129356294870377,0.00012140816538153788,507,1022
V3,0.25,0.07476987689733505,0.13881215453147888,0.00011519799179009713,507,1022
V3,0.26,0.06760110706090927,0.1268881931900978,0.00010435581488751467,507,1022
V3,0.27,0.05660509690642357,0.10624520294368267,9.71049995624284e-05,507,1022
V3,0.28,0.04349609836935997,0.09028435684740543,8.996452998147676e-05,507,1022
V3,0.29,0.03458108380436897,0.06960046663880348,8.110898715835064e-05,507,1022
V3,0.3,0.02976105362176895,0.04861990828067064,7.490432007645853e-05,507,1022
V3,0.31,0.023702195845544338,0.03570609353482723,6.698378719606318e-05,507,1022
V3,0.32,0.021422286052256823,0.020934268832206726,6.369728467882835e-05,507,1022
V3,0.33,0.020117616280913353,0.015197924338281155,5.782791279298241e-05,507,1022
V3,0.34,0.016152027994394302,0.006992582464590669,5.4451425724110096e-05,507,1022
V3,0.35,0.013115978799760342,0.003041419346118346,5.165940850806803e-05,507,1022
V3,0.36,0.01166471466422081,0.001012161676044343,5.2183237115936395e-05,507,1022
V3,0.37,0.01065581850707531,-0.0006649847491644323,4.997433667819997e-05,507,1022
V3,0.38,0.008253168780356646,-0.0034517527383286506,4.872676232059396e-05,507,1022
V3,0.39,0.010143752209842205,-0.002456672169500962,4.9467781375002827e-05,507,1022
V3,0.4,0.006575226783752441,-0.003614352724980563,5.3648253587467796e-05,507,1022
V3,0.41,0.004714504975709133,-0.0036300051724538207,4.752544586979218e-05,507,1022
V3,0.42,0.0012213379377499223,-0.0032611675560474396,4.862983063755849e-05,507,1022
V3,0.43,0.002430521184578538,-0.0027894650120288134,5.162503817401545e-05,507,1022
V3,0.44,0.00011427154822740704,-0.0019753867527469993,5.542381723561466e-05,507,1022
V3,0.45,0.0009120521135628223,-0.0009765606664586812,6.213089023364413e-05,507,1022
V3,0.46,-0.003234289586544037,-0.002451412088703364,6.094476371689671e-05,507,1022
V3,0.47,-0.0052944873459637165,-0.0021797086810693145,6.416769726237732e-05,507,1022
V3,0.48,-0.00456208223477006,-0.0032911982852965593,7.01277843478532e-05,507,1022
V3,0.49,-0.007635583635419607,-0.004364229505881667,6.85294335097298e-05,507,1022
V3,0.5,-0.010180773213505745,-0.005919867428019643,6.73194697323373e-05,507,1022
V3,0.51,-0.00750758103094995,-0.00629493007727433,7.562938761626415e-05,507,1022
V3,0.52,-0.00712168961763382,-0.008605928858742118,7.36829316453067e-05,507,1022
V3,0.53,-0.007045844104140997,-0.010650022886693478,7.648169989686402e-05,507,1022
V3,0.54,-0.006354650249704719,-0.014349226607009768,8.477015168107016e-05,507,1022
V3,0.55,-0.010734192095696926,-0.016116121783852577,9.542795226830869e-05,507,1022
V3,0.56,-0.01226475781732006,-0.018226278014481068,7.758910018640943e-05,507,1022
V3,0.57,-0.013764203991740942,-0.01902825478464365,7.780874433540234e-05,507,1022
V3,0.58,-0.013744513969868422,-0.020090422593057156,8.147487860705357e-05,507,1022
V3,0.59,-0.015021729283034801,-0.020477032754570246,8.350006078421717e-05,507,1022
V4,-0.4,0.004337952937930822,-0.0018335086642764509,7.270593046044628e-05,507,1022
V4,-0.39,0.004419403150677681,-0.003403970586077776,7.337230997509118e-05,507,1022
V4,-0.38,0.0024974122643470764,-0.00371186931442935,6.777459076072784e-05,507,1022
V4,-0.37,0.00567319430410862,-0.006403924897313118,6.477875312148699e-05,507,1022
V4,-0.36,0.006805157754570246,-0.007731248391792178,6.690432744479226e-05,507,1022
V4,-0.35,0.008477115305140615,-0.008700854610651731,6.471274822994552e-05,507,1022
V4,-0.34,0.0077584232203662395,-0.00971775024663657,6.426053592963299e-05,507,1022
V4,-0.33,0.01122897770255804,-0.012483854778110981,6.294384341841281e-05,507,1022
V4,-0.32,0.009865979664027691,-0.01281294075306505,5.9488278753354875e-05,507,1022
V4,-0.31,0.008733597584068775,-0.01445996412076056,5.258952751500579e-05,507,1022
V4,-0.3,0.00796150416135788,-0.014561974909156561,4.626270314016556e-05,507,1022
V4,-0.29,0.00715174013748765,-0.015673398738726974,4.196976775698119e-05,507,1022
V4,-0.28,0.008641385473310947,-0.016314024105668068,3.889341126208331e-05,507,1022
V4,-0.27,0.006816118489950895,-0.01790018193423748,3.568673250564336e-05,507,1022
V4,-0.26,0.005647321464493871,-0.017894414253532887,3.3730220830333e-05,507,1022
V4,-0.25,0.004783051204867661,-0.018668484408408403,3.197205993335255e-05,507,1022
V4,-0.24,0.004774410335812718,-0.018011929001659155,3.163551468856528e-05,507,1022
V4,-0.23,0.0012127015506848693,-0.01839351886883378,3.071194709169973e-05,507,1022
V4,-0.22,0.0021326637361198664,-0.017228555865585804,3.090240284233388e-05,507,1022
V4,-0.21,0.000688113272190094,-0.016717049991711974,3.074581748669027e-05,507,1022
V4,-0.2,-0.00030914004310034215,-0.0124150225892663,3.0315594053324622e-05,507,1022
V4,-0.19,0.001069502322934568,-0.008657532394863665,2.8198443999719508e-05,507,1022
V4,-0.18,0.002412645728327334,-0.00360493129119277,2.809962446750603e-05,507,1022
V4,-0.17,0.0030960329459048808,-0.0006376143574016169,2.6603871872791374e-05,507,1022
V4,-0.16,0.0016093399608507752,0.003019612282514572,2.5989263725194848e-05,507,1022
V4,-0.15,0.003068929072469473,0.0025350720970891416,2.4777494352675105e-05,507,1022
V4,-0.14,0.0002953704970423132,-0.0005995701649226248,2.3051574154837786e-05,507,1022
V4,-0.13,-0.0031823304016143084,-0.00716104288585484,2.1147678478378005e-05,507,1022
V4,-0.12,-0.006621110951527953,-0.016643573762848973,1.9434739596568658e-05,507,1022
V4,-0.11,-0.011128482408821583,-0.02578014903701842,1.7990163972926405e-05,507,1022
V4,-0.1,-0.01468217559158802,-0.034179006703197956,1.8090607218786813e-05,507,1022
V4,-0.09,-0.017471790313720703,-0.039475479163229465,2.0084313628836686e-05,507,1022
V4,-0.08,-0.017170843202620745,-0.043166857212781906,2.3186023299530468e-05,507,1022
V4,-0.07,-0.02140684984624386,-0.04800344817340374,2.9264845881171805e-05,507,1022
V4,-0.06,-0.023659924045205116,-0.046830933541059494,4.310785721206355e-05,507,1022
V4,-0.05,-0.017350413370877504,-0.043831114657223225,6.679378138806769e-05,507,1022
V4,-0.04,-0.00562272360548377,-0.041116997599601746,9.625402712947899e-05,507,1022
V4,-0.03,0.003532232134602964,-0.026975019834935665,0.00013321783439495028,507,1022
V4,-0.02,0.07498208433389664,0.14955197274684906,0.0002084925396447851,507,1022
V4,-0.01,0.12621192634105682,0.5114569067955017,0.0004123640567474797,507,1022
V4,0.0,-0.006401635706424713,0.664325550198555,0.0005516146355909982,507,1022
V4,0.01,-0.2532797157764435,-0.0236506350338459,0.0002696721350461996,507,1022
V4,0.02,-0.30629344284534454,-0.30589261651039124,0.00020398480998742006,507,1022
V4,0.03,-0.1680435612797737,-0.1840977557003498,0.00012073777625300894,507,1022
V4,0.04,-0.10099487751722336,-0.0914493091404438,6.246457678621733e-05,507,1022
V4,0.05,-0.06722244620323181,-0.05349412653595209,3.7440637308874233e-05,507,1022
V4,0.06,-0.05309363827109337,-0.044788346625864506,2.6109423670776298e-05,507,1022
V4,0.07,-0.03993767127394676,-0.033183081075549126,2.1410425207384385e-05,507,1022
V4,0.08,-0.03731362149119377,-0.029396777972579002,2.047667621342908e-05,507,1022
V4,0.09,-0.02838730625808239,-0.021666724234819412,2.1254653302172925e-05,507,1022
V4,0.1,-0.023149236105382442,-0.019279425032436848,2.0445655936326385e-05,507,1022
V4,0.11,-0.019098916091024876,-0.012421060353517532,2.1411493542700265e-05,507,1022
V4,0.12,-0.014414049685001373,-0.007319538504816592,2.404662963877975e-05,507,1022
V4,0.13,-0.007879977812990546,0.0004778894654009491,2.6512682661729062e-05,507,1022
V4,0.14,-0.0040321158012375236,0.006172476860228926,3.0724338147570775e-05,507,1022
V4,0.15,0.0018661713693290949,0.01707559754140675,3.6884773027499754e-05,507,1022
V4,0.16,0.007487422088161111,0.02468299027532339,4.682932365112296e-05,507,1022
V4,0.17,0.020398197695612907,0.038147496059536934,5.787673345998905e-05,507,1022
V4,0.18,0.03362593241035938,0.05208045244216919,6.850633694816514e-05,507,1022
V4,0.19,0.045712487772107124,0.07157205417752266,8.376893722739337e-05,507,1022
V4,0.2,0.05899679660797119,0.08911370486021042,9.589593651158969e-05,507,1022
V4,0.21,0.06528320163488388,0.10635784640908241,0.00010807212912211157,507,1022
V4,0.22,0.07350208982825279,0.12106570042669773,0.00010908356096377494,507,1022
V4,0.23,0.07479110732674599,0.1364940106868744,0.00011378698206619246,507,1022
V4,0.24,0.06682096421718597,0.1409023553133011,0.00011577869070937949,507,1022
V4,0.25,0.06776124238967896,0.136573176831007,0.00011157572002346285,507,1022
V4,0.26,0.05753129720687866,0.1316445991396904,0.00010376263940217137,507,1022
V4,0.27,0.04796482436358929,0.11480598151683807,9.626904800438082e-05,507,1022
V4,0.28,0.04040434677153826,0.09632982313632965,9.015388675945553e-05,507,1022
V4,0.29,0.03319194633513689,0.07781529612839222,8.506264522946866e-05,507,1022
V4,0.3,0.02776418626308441,0.05184849910438061,8.14397966156965e-05,507,1022
V4,0.31,0.022356714121997356,0.03427121601998806,7.636946318106811e-05,507,1022
V4,0.32,0.0182205643504858,0.021120508667081594,7.246626120791045e-05,507,1022
V4,0.33,0.013536873273551464,0.009598689153790474,6.848934581587148e-05,507,1022
V4,0.34,0.01444802014157176,0.00424103275872767,6.157638609779583e-05,507,1022
V4,0.35,0.011945965699851513,-0.00041622543358244,5.485087264540057e-05,507,1022
V4,0.36,0.010209495900198817,-0.0038362585473805666,5.2361636074423576e-05,507,1022
V4,0.37,0.007152246776968241,-0.005276119220070541,5.025495937023415e-05,507,1022
V4,0.38,0.004946171015035361,-0.0065644209971651435,4.9596886604946094e-05,507,1022
V4,0.39,0.0013504067901521921,-0.006553575512953103,4.719551932582647e-05,507,1022
V4,0.4,0.005325245205312967,-0.008475943934172392,5.3598925341922374e-05,507,1022
V4,0.41,0.005069351755082607,-0.008237778209149837,4.9538197528324845e-05,507,1022
V4,0.42,0.002359948819503188,-0.008073357748799026,4.8079551998339715e-05,507,1022
V4,0.43,0.0006049152871128172,-0.00792820518836379,5.0080582886344675e-05,507,1022
V4,0.44,0.002131332701537758,-0.008128418354317546,5.3520123205179724e-05,507,1022
V4,0.45,0.0010190552566200495,-0.006422228558221832,5.8159430071157035e-05,507,1022
V4,0.46,-0.0008467972511425614,-0.007182825356721878,5.9321397704093375e-05,507,1022
V4,0.47,-0.00014861297677271068,-0.005397632485255599,6.158770209562177e-05,507,1022
V4,0.48,-0.002761624287813902,-0.007976484019309282,6.3301095026043e-05,507,1022
V4,0.49,-0.0037288502790033817,-0.007955740205943584,6.27536685250344e-05,507,1022
V4,0.5,-0.0038346025394275784,-0.010043626301921904,6.1018677577998827e-05,507,1022
V4,0.51,-0.005933734588325024,-0.010347421048209071,6.866606423488127e-05,507,1022
V4,0.52,-0.009647671366110444,-0.011832178803160787,7.405587621150106e-05,507,1022
V4,0.53,-0.007440837507601827,-0.013203331269323826,7.578694439788014e-05,507,1022
V4,0.54,-0.006449510343372822,-0.015717446338385344,7.58571792582103e-05,507,1022
V4,0.55,-0.006877193576656282,-0.016808582469820976,8.43630936408747e-05,507,1022
V4,0.56,-0.008200180833227932,-0.0182491815648973,7.53273801665952e-05,507,1022
V4,0.57,-0.010766095481812954,-0.018649641424417496,7.521116434548272e-05,507,1022
V4,0.58,-0.011064390651881695,-0.019851122051477432,7.50292562907127e-05,507,1022
V4,0.59,-0.011592770926654339,-0.01996419532224536,7.167362774256461e-05,507,1022
V5,-0.4,-0.0037889209925197065,-0.004123840015381575,9.772720240241352e-05,507,1022
V5,-0.39,-0.0026578798424452543,-0.00580886285752058,9.329649920466465e-05,507,1022
V5,-0.38,-0.0010406983783468604,-0.006173644564114511,8.76126748840251e-05,507,1022
V5,-0.37,0.0012543092016130686,-0.008301030728034675,8.269284570150053e-05,507,1022
V5,-0.36,0.0028873521368950605,-0.008977745659649372,8.433216868419059e-05,507,1022
V5,-0.35,0.005125218071043491,-0.010427611996419728,8.021714300597938e-05,507,1022
V5,-0.34,0.003604498109780252,-0.011270502116531134,7.738231991710927e-05,507,1022
V5,-0.33,0.004767755512148142,-0.01358661218546331,7.195125310979712e-05,507,1022
V5,-0.32,0.004632835742086172,-0.013438468798995018,7.11961669100403e-05,507,1022
V5,-0.31,0.004951275419443846,-0.014722447376698256,6.700757109745988e-05,507,1022
V5,-0.3,0.004746051039546728,-0.013880728278309107,6.63083873236187e-05,507,1022
V5,-0.29,0.00451968377456069,-0.015442217147210613,6.475587301895513e-05,507,1022
V5,-0.28,0.005402020877227187,-0.01562641281634569,6.487668075418336e-05,507,1022
V5,-0.27,0.005262208636850119,-0.016562959412112832,6.166261506621326e-05,507,1022
V5,-0.26,0.0023753526620566845,-0.016264851903542876,6.196285385440176e-05,507,1022
V5,-0.25,0.003456976526649669,-0.017240481916815042,6.079472124255987e-05,507,1022
V5,-0.24,0.003671275684610009,-0.015897294273599982,6.110994555679419e-05,507,1022
V5,-0.23,0.0025015901774168015,-0.016529778018593788,6.090401023739702e-05,507,1022
V5,-0.22,0.0017123855650424957,-0.013993833679705858,6.221077166744898e-05,507,1022
V5,-0.21,0.000495034852065146,-0.014380882494151592,6.420611051599154e-05,507,1022
V5,-0.2,0.0003592781722545624,-0.01176739577203989,6.54580485912094e-05,507,1022
V5,-0.19,0.0016292023938149214,-0.008951262570917606,6.632439776394109e-05,507,1022
V5,-0.18,0.0038429858395829797,-0.003950382117182016,6.719009789026093e-05,507,1022
V5,-0.17,0.003013666719198227,0.00136029307032004,6.502497355424181e-05,507,1022
V5,-0.16,0.0038824473158456385,0.005574360548052937,5.9917295330116633e-05,507,1022
V5,-0.15,0.0030595145653933287,0.00676009978633374,5.558067405686001e-05,507,1022
V5,-0.14,0.0019208556041121483,0.005843421968165785,5.468759139866146e-05,507,1022
V5,-0.13,-0.00018418734543956816,0.0008523998985765502,5.095639722488671e-05,507,1022
V5,-0.12,-0.002287753508426249,-0.007714838837273419,4.8134867662291086e-05,507,1022
V5,-0.11,-0.006083417218178511,-0.01869082171469927,4.505136792863471e-05,507,1022
V5,-0.1,-0.010552103631198406,-0.026167159900069237,4.3892137798410275e-05,507,1022
V5,-0.09,-0.011333789676427841,-0.03475868096575141,4.160622922602408e-05,507,1022
V5,-0.08,-0.010995849035680294,-0.03742268029600382,4.59799541666175e-05,507,1022
V5,-0.07,-0.01708149118348956,-0.040932134725153446,5.022666526712212e-05,507,1022
V5,-0.06,-0.018943265080451965,-0.03972149081528187,5.687257284432775e-05,507,1022
V5,-0.05,-0.01475148368626833,-0.03992066904902458,8.39675488170419e-05,507,1022
V5,-0.04,-0.006196208298206329,-0.04022512398660183,0.0001463934747051595,507,1022
V5,-0.03,-0.0037702746922150254,-0.04377022571861744,0.00022099515447255045,507,1022
V5,-0.02,0.07235720008611679,0.1004742868244648,0.0002723922865740373,507,1022
V5,-0.01,0.22073152661323547,0.503420315682888,0.00047650441310100364,507,1022
V5,0.0,0.316935732960701,0.8299799561500549,0.0007398487397287425,507,1022
V5,0.01,-0.03234465420246124,0.2548057958483696,0.0003280824529735575,507,1022
V5,0.02,-0.13081574440002441,-0.13516637310385704,0.00013638882281980438,507,1022
V5,0.03,-0.11153582483530045,-0.10678613185882568,0.00010751424069550991,507,1022
V5,0.04,-0.08306088671088219,-0.06899971701204777,8.927759961793288e-05,507,1022
V5,0.05,-0.06339428946375847,-0.04851159919053316,8.004329510118187e-05,507,1022
V5,0.06,-0.05405549332499504,-0.04742382187396288,7.239418019537353e-05,507,1022
V5,0.07,-0.048824016004800797,-0.039635052904486656,7.155288986881703e-05,507,1022
V5,0.08,-0.04115234315395355,-0.03735822718590498,6.803402754006186e-05,507,1022
V5,0.09,-0.03773937746882439,-0.03144384268671274,7.191096139183574e-05,507,1022
V5,0.1,-0.03599106892943382,-0.029766635969281197,7.227601853913102e-05,507,1022
V5,0.11,-0.032279377803206444,-0.02302031544968486,8.03386375321291e-05,507,1022
V5,0.12,-0.029083055444061756,-0.020903252065181732,8.066889305101501e-05,507,1022
V5,0.13,-0.02416383847594261,-0.014807252679020166,8.705032105188449e-05,507,1022
V5,0.14,-0.021707890555262566,-0.010030998033471406,8.741953320175175e-05,507,1022
V5,0.15,-0.017563145607709885,-0.001224817766342312,8.969584509669538e-05,507,1022
V5,0.16,-0.009816403035074472,0.005828618794112117,8.837012119983585e-05,507,1022
V5,0.17,-0.0002251099795103073,0.01690383395180106,8.947667841850885e-05,507,1022
V5,0.18,0.009296012111008167,0.027390023693442345,9.210690508500799e-05,507,1022
V5,0.19,0.020904752891510725,0.04048860818147659,9.930821523978826e-05,507,1022
V5,0.2,0.0280485600233078,0.05719431862235069,0.0001055690646197188,507,1022
V5,0.21,0.03627730347216129,0.07054865919053555,0.0001146283125249538,507,1022
V5,0.22,0.04457467421889305,0.08795350603759289,0.00011920723124267927,507,1022
V5,0.23,0.04512319713830948,0.10592813231050968,0.00012020560579992791,507,1022
V5,0.24,0.039421447552740574,0.10806679353117943,0.00011574884084988363,507,1022
V5,0.25,0.03867535665631294,0.10993298701941967,0.00011416004692077864,507,1022
V5,0.26,0.03861420229077339,0.10826333798468113,0.00010376347478576903,507,1022
V5,0.27,0.03608955070376396,0.09726624190807343,9.519790819771428e-05,507,1022
V5,0.28,0.03119190689176321,0.0809028297662735,8.74774613353861e-05,507,1022
V5,0.29,0.02630114834755659,0.06304697692394257,8.20360610727106e-05,507,1022
V5,0.3,0.023532246239483356,0.04571317322552204,7.859982180598395e-05,507,1022
V5,0.31,0.019056006334722042,0.02773237880319357,7.629527897753668e-05,507,1022
V5,0.32,0.01467334246262908,0.015563824214041233,7.09847321950323e-05,507,1022
V5,0.33,0.015275273937731981,0.006541620299685746,7.158358424354782e-05,507,1022
V5,0.34,0.01225125789642334,0.0002962097350973636,7.523801367855697e-05,507,1022
V5,0.35,0.007973193190991879,-0.002216156601207331,7.483955816895046e-05,507,1022
V5,0.36,0.0068381838500499725,-0.005691879661753774,7.345845082900122e-05,507,1022
V5,0.37,0.006390482187271118,-0.0076158796437084675,7.500395349218365e-05,507,1022
V5,0.38,0.005030397325754166,-0.009630794171243906,7.941084046861304e-05,507,1022
V5,0.39,0.00259573245421052,-0.009460183326154947,8.03767377805671e-05,507,1022
V5,0.4,0.0016647279262542725,-0.0107914456166327,8.180512104284584e-05,507,1022
V5,0.41,0.0003602394717745483,-0.010240594856441021,8.824676416854438e-05,507,1022
V5,0.42,-0.00041908783896360546,-0.010234912857413292,9.123126213317342e-05,507,1022
V5,0.43,-0.0008487854502163827,-0.010026165749877691,9.21497846491455e-05,507,1022
V5,0.44,-0.0006289856100920588,-0.010688804555684328,9.729337731181061e-05,507,1022
V5,0.45,-0.0010811705433297902,-0.008427610620856285,0.00010241875832829918,507,1022
V5,0.46,-0.0027539064176380634,-0.009191626799292862,0.00010581301008186132,507,1022
V5,0.47,-0.0013644293940160424,-0.008564078656490892,0.00011010335991816131,507,1022
V5,0.48,-0.0024400376132689416,-0.00857109809294343,0.00011070507538891622,507,1022
V5,0.49,-0.0047194949293043464,-0.0091683428036049,0.0001132812351078173,507,1022
V5,0.5,-0.0032546084839850664,-0.010662672342732549,0.00010718680407757027,507,1022
V5,0.51,-0.005835120566189289,-0.009744610753841698,0.00011184609396684749,507,1022
V5,0.52,-0.006206513615325093,-0.011432562489062548,0.00012052853196897246,507,1022
V5,0.53,-0.005498675629496574,-0.012099457206204534,0.00011476571109505327,507,1022
V5,0.54,-0.004668831708841026,-0.01448004087433219,0.00011407374959227591,507,1022
V5,0.55,-0.006378258112818003,-0.014400974847376347,0.0001253007832557604,507,1022
V5,0.56,-0.007265459047630429,-0.017408604464435484,0.00011810793003035638,507,1022
V5,0.57,-0.008773984387516975,-0.016189749352633953,0.00010858873796319274,507,1022
V5,0.58,-0.007171540055423975,-0.016657869797199965,0.00010819370994304638,507,1022
V5,0.59,-0.009645368903875351,-0.01770486542955041,0.00010596711033568298,507,1022
V6,-0.4,-0.002879168838262558,-0.005988860037177801,8.545284012046702e-05,507,1022
V6,-0.39,-0.0020805271924473345,-0.007111589075066149,8.274537640228642e-05,507,1022
V6,-0.38,-0.0013244225410744548,-0.008156372234225273,8.221748996927654e-05,507,1022
V6,-0.37,0.0006671128212474287,-0.009280657046474516,7.936334949781024e-05,507,1022
V6,-0.36,0.00108034597360529,-0.009185741189867258,8.312640657634436e-05,507,1022
V6,-0.35,-0.0003259086806792766,-0.010528489714488387,8.143515416061942e-05,507,1022
V6,-0.34,0.001182372885523364,-0.01122119277715683,8.116876043336452e-05,507,1022
V6,-0.33,0.0013827638467773795,-0.012180489022284746,7.632871123383999e-05,507,1022
V6,-0.32,0.00043302556150592864,-0.012733519310131669,7.463926238338778e-05,507,1022
V6,-0.31,0.00037019746378064156,-0.01372844958677888,7.166413110940585e-05,507,1022
V6,-0.3,0.0013719010166823864,-0.013555577956140041,6.987047784745962e-05,507,1022
V6,-0.29,0.0003609058621805161,-0.015079179080203176,6.74080753955473e-05,507,1022
V6,-0.28,0.0012803040444850922,-0.01463071652688086,6.546992321082054e-05,507,1022
V6,-0.27,0.0018163478234782815,-0.016185286454856396,6.39271645734954e-05,507,1022
V6,-0.26,0.001556054805405438,-0.015866676927544177,6.27305243909957e-05,507,1022
V6,-0.25,0.0003754280332941562,-0.015624542254954576,6.10127965289561e-05,507,1022
V6,-0.24,0.0008474764763377607,-0.015347608365118504,6.077425280485267e-05,507,1022
V6,-0.23,0.0010900281922658905,-0.015113408910110593,5.715744561582631e-05,507,1022
V6,-0.22,0.00046204065438359976,-0.01414449349977076,5.717753138816191e-05,507,1022
V6,-0.21,0.002161144744604826,-0.013393106404691935,5.74335598186142e-05,507,1022
V6,-0.2,0.0018573974957689643,-0.011123451637104154,5.686702272208186e-05,507,1022
V6,-0.19,0.0023155214730650187,-0.008736632764339447,5.507977618110289e-05,507,1022
V6,-0.18,0.0032799560576677322,-0.0022344157623592764,5.574859156316325e-05,507,1022
V6,-0.17,0.005206524860113859,0.0018968505901284516,5.574070411441293e-05,507,1022
V6,-0.16,0.005191079340875149,0.006388129535480402,5.528592265674945e-05,507,1022
V6,-0.15,0.0028636285569518805,0.008794962079264224,5.2654037136699424e-05,507,1022
V6,-0.14,0.002958526834845543,0.009349582207505591,5.31410344060958e-05,507,1022
V6,-0.13,0.002687078434973955,0.005040971329435706,5.163145785479665e-05,507,1022
V6,-0.12,-0.001556152361445129,-0.0017420092481188476,4.9800658222984816e-05,507,1022
V6,-0.11,-0.005037483060732484,-0.012481461046263576,4.5999477653986e-05,507,1022
V6,-0.1,-0.00616095750592649,-0.020188329741358757,4.4897899991096785e-05,507,1022
V6,-0.09,-0.00855619553476572,-0.02718016691505909,4.367185074125238e-05,507,1022
V6,-0.08,-0.009931054431945086,-0.03166869189590216,4.8519912551449866e-05,507,1022
V6,-0.07,-0.01620384491980076,-0.03586632013320923,4.8499967167453084e-05,507,1022
V6,-0.06,-0.01700006239116192,-0.03594634868204594,5.8189307066404294e-05,507,1022
V6,-0.05,-0.013431886211037636,-0.03589991293847561,8.240050056286816e-05,507,1022
V6,-0.04,-0.007736885570921004,-0.03737106919288635,0.00012162332225267394,507,1022
V6,-0.03,-0.0089550307020545,-0.049339959397912025,0.00018061203804990177,507,1022
V6,-0.02,0.053251076489686966,0.04840332455933094,0.0002217434314112773,507,1022
V6,-0.01,0.20917585492134094,0.4155597537755966,0.0003481978136136864,507,1022
V6,0.0,0.3146238923072815,0.7766886651515961,0.000525602060438976,507,1022
V6,0.01,0.1346048340201378,0.4025995433330536,0.000272599163968131,507,1022
V6,0.02,-0.051099251955747604,-0.00360338541213423,0.00013844473591819467,507,1022
V6,0.03,-0.05927974171936512,-0.043576967902481556,9.363432119045798e-05,507,1022
V6,0.04,-0.05730453319847584,-0.04350170027464628,6.87580790973032e-05,507,1022
V6,0.05,-0.05282098799943924,-0.037726941518485546,5.7096905753840376e-05,507,1022
V6,0.06,-0.048140402883291245,-0.04189807642251253,4.550278538754422e-05,507,1022
V6,0.07,-0.042042236775159836,-0.03722236771136522,4.640021578323225e-05,507,1022
V6,0.08,-0.04016329161822796,-0.038234274834394455,4.345088198272074e-05,507,1022
V6,0.09,-0.03704448044300079,-0.0336686447262764,4.764945830267005e-05,507,1022
V6,0.1,-0.03425441309809685,-0.03355573397129774,4.319657615610701e-05,507,1022
V6,0.11,-0.033548157662153244,-0.02844482846558094,4.782154349685715e-05,507,1022
V6,0.12,-0.031206989660859108,-0.025659555103629827,4.495209937758e-05,507,1022
V6,0.13,-0.026972977444529533,-0.021521552465856075,4.894474365731143e-05,507,1022
V6,0.14,-0.02542073093354702,-0.019224763847887516,5.1577043155095394e-05,507,1022
V6,0.15,-0.022507380694150925,-0.013341689947992563,5.6912592305805104e-05,507,1022
V6,0.16,-0.018127454444766045,-0.006502928154077381,6.089616859511443e-05,507,1022
V6,0.17,-0.013163455063477159,0.0024773188633844256,6.73230414386076e-05,507,1022
V6,0.18,-0.01166755985468626,0.012092126999050379,7.207246219720221e-05,507,1022
V6,0.19,-0.0019333973759785295,0.022040727082639933,8.244458754828468e-05,507,1022
V6,0.2,0.004445455153472722,0.03482472896575928,8.65971985995987e-05,507,1022
V6,0.21,0.017150837928056717,0.04917057976126671,9.388070621930407e-05,507,1022
V6,0.22,0.02155972272157669,0.06137918680906296,9.145767473767738e-05,507,1022
V6,0.23,0.026288768276572227,0.07546039298176765,9.669324691381842e-05,507,1022
V6,0.24,0.02780969813466072,0.08184816315770149,9.72118160463098e-05,507,1022
V6,0.25,0.025850878097116947,0.08266161568462849,9.902260651523975e-05,507,1022
V6,0.26,0.02227964624762535,0.08300166018307209,9.697320902688146e-05,507,1022
V6,0.27,0.02282068505883217,0.07878929376602173,9.561860444649427e-05,507,1022
V6,0.28,0.019954107701778412,0.06420431286096573,9.160567228703748e-05,507,1022
V6,0.29,0.01886529102921486,0.05206786748021841,9.307881105291104e-05,507,1022
V6,0.3,0.020002292469143867,0.03694755118340254,9.324989448386334e-05,507,1022
V6,0.31,0.018275609239935875,0.022010837215930223,9.260880863132568e-05,507,1022
V6,0.32,0.014938351698219776,0.013145026518031955,8.85966593981925e-05,507,1022
V6,0.33,0.011809900403022766,0.005138118518516421,8.652541260228651e-05,507,1022
V6,0.34,0.010624767455738038,-0.0004597727020154707,8.558319433082419e-05,507,1022
V6,0.35,0.007492364849895239,-0.0037177394842728972,8.290290476215838e-05,507,1022
V6,0.36,0.006457214709371328,-0.005672629224136472,7.458782730947602e-05,507,1022
V6,0.37,0.004487385944230482,-0.007757175015285611,7.150982181524689e-05,507,1022
V6,0.38,0.004630753770470619,-0.008501408039592206,7.072855145167582e-05,507,1022
V6,0.39,0.004152736160904169,-0.008942829445004463,6.570370155394577e-05,507,1022
V6,0.4,0.0035742478794418275,-0.009758106898516417,6.991729265379532e-05,507,1022
V6,0.41,0.0020764955843333155,-0.009628249215893447,7.376336600147086e-05,507,1022
V6,0.42,0.0019486821256577969,-0.010304956085747108,7.333998729230051e-05,507,1022
V6,0.43,0.0011511460470501333,-0.009224826833815314,7.178407350851875e-05,507,1022
V6,0.44,0.0010521988151594996,-0.009364985395222902,7.329592496115915e-05,507,1022
V6,0.45,-0.0006826095632277429,-0.00920194695936516,7.72181480434621e-05,507,1022
V6,0.46,-0.001469385577365756,-0.009974899236112833,7.284993961703313e-05,507,1022
V6,0.47,-0.0029633454978466034,-0.01032420783303678,7.868069718229051e-05,507,1022
V6,0.48,-0.0029801334894727916,-0.009201300330460072,8.260936207603123e-05,507,1022
V6,0.49,-0.0023923279368318617,-0.009952254476957023,8.201659212409563e-05,507,1022
V6,0.5,-0.0034498446621000767,-0.009744974784553051,7.853789254554973e-05,507,1022
V6,0.51,-0.004578059772029519,-0.010413356125354767,8.225717039441896e-05,507,1022
V6,0.52,-0.006239176029339433,-0.011162576265633106,8.924672233669514e-05,507,1022
V6,0.53,-0.0050836814334616065,-0.011908427812159061,8.596619382053984e-05,507,1022
V6,0.54,-0.005535253789275885,-0.012200729921460152,9.346030355586927e-05,507,1022
V6,0.55,-0.004521397291682661,-0.014128263108432293,9.191703806907584e-05,507,1022
V6,0.56,-0.005042822565883398,-0.015168421668931842,9.245012970627439e-05,507,1022
V6,0.57,-0.0058303410187363625,-0.014608959667384624,8.480660602063056e-05,507,1022
V6,0.58,-0.005001291283406317,-0.015335195697844028,8.641081533138473e-05,507,1022
V6,0.59,-0.008827359415590763,-0.015423237113282084,8.31447857879257e-05,507,1022
