subset,endpoint,stratum_or_contrast,effect,n,patients,events,estimate,ci_low,ci_high,n_boot,n_boot_valid,seed
principal24,icu24,Low,proportion,26973,16023,2055,0.07618729840952063,0.072392677017312,0.08000803728839079,2000,2000,202609070
principal24,icu24,Intermediate,proportion,6985,4544,1853,0.26528274874731567,0.253591076482678,0.277312667937123,2000,2000,202609070
principal24,icu24,High,proportion,1629,1254,784,0.4812768569674647,0.4549461693859172,0.5086803259937088,2000,2000,202609070
principal24,icu24,High_minus_Low,absolute_difference,35587,19383,4692,0.40508955855794404,0.3789211623949439,0.4321726771404475,2000,2000,202609070
principal24,icu24,Intermediate_minus_Low,absolute_difference,35587,19383,4692,0.18909545033779504,0.17684671193407075,0.2010716755157397,2000,2000,202609070
principal24,icu24,Total,proportion,35587,19383,4692,0.13184589878326355,0.12740569274847957,0.13630242586675018,2000,2000,202609070
principal24,imv24,Low,proportion,26756,15913,341,0.01274480490357303,0.011388849343582664,0.014229701789438543,2000,2000,202609071
principal24,imv24,Intermediate,proportion,6749,4424,451,0.0668247147725589,0.06055564992443719,0.07335088534761831,2000,2000,202609071
principal24,imv24,High,proportion,1544,1190,287,0.18588082901554404,0.16603283170413102,0.20621983931468396,2000,2000,202609071
principal24,imv24,High_minus_Low,absolute_difference,35049,19148,1079,0.17313602411197102,0.1534173435575911,0.19349223543325025,2000,2000,202609071
principal24,imv24,Intermediate_minus_Low,absolute_difference,35049,19148,1079,0.054079909868985865,0.04791431315653489,0.06072073399981863,2000,2000,202609071
principal24,imv24,Total,proportion,35049,19148,1079,0.030785471768096095,0.02885609193363272,0.03285446632874991,2000,2000,202609071
principal24,pressor24,Low,proportion,26756,15913,232,0.008670952309762297,0.0074817112113804395,0.009869253330488189,2000,2000,202609072
principal24,pressor24,Intermediate,proportion,6751,4426,326,0.04828914234928159,0.04273511152152762,0.0541258976615977,2000,2000,202609072
principal24,pressor24,High,proportion,1544,1190,238,0.15414507772020725,0.13519897959183674,0.17279234192785112,2000,2000,202609072
principal24,pressor24,High_minus_Low,absolute_difference,35051,19150,796,0.14547412541044494,0.12612540763847643,0.16420266046832327,2000,2000,202609072
principal24,pressor24,Intermediate_minus_Low,absolute_difference,35051,19150,796,0.039618190039519295,0.03400376886834301,0.04549054456500047,2000,2000,202609072
principal24,pressor24,Total,proportion,35051,19150,796,0.02270976576987818,0.020988999002981838,0.024450255982312204,2000,2000,202609072
secondary72,icu72,Low,proportion,26973,16023,2251,0.08345382419456493,0.079751960459907,0.0872323047251964,2000,2000,202609080
secondary72,icu72,Intermediate,proportion,6985,4544,1954,0.2797423049391553,0.26851864334946224,0.29161910508849187,2000,2000,202609080
secondary72,icu72,High,proportion,1629,1254,806,0.49478207489257214,0.46614674619084684,0.5216037752689375,2000,2000,202609080
secondary72,icu72,High_minus_Low,absolute_difference,35587,19383,5011,0.4113282506980072,0.38265596556922116,0.43778097351261513,2000,2000,202609080
secondary72,icu72,Intermediate_minus_Low,absolute_difference,35587,19383,5011,0.19628848074459038,0.18478855846615597,0.20894871605731508,2000,2000,202609080
secondary72,icu72,Total,proportion,35587,19383,5011,0.14080984629218535,0.13648765973147353,0.14514978882715457,2000,2000,202609080
secondary72,imv72,Low,proportion,26756,15913,443,0.01655703393631335,0.014880894836666297,0.018150789600840718,2000,2000,202609081
secondary72,imv72,Intermediate,proportion,6749,4424,505,0.0748259001333531,0.0681777410209635,0.08170132042743887,2000,2000,202609081
secondary72,imv72,High,proportion,1544,1190,315,0.20401554404145078,0.18269007304116866,0.2259416927103733,2000,2000,202609081
secondary72,imv72,High_minus_Low,absolute_difference,35049,19148,1263,0.18745851010513742,0.16639281151820848,0.209512235003225,2000,2000,202609081
secondary72,imv72,Intermediate_minus_Low,absolute_difference,35049,19148,1263,0.05826886619703975,0.05154942461307002,0.0652992816836614,2000,2000,202609081
secondary72,imv72,Total,proportion,35049,19148,1263,0.03603526491483352,0.03383016251054401,0.03819536038452435,2000,2000,202609081
secondary72,pressor72,Low,proportion,26756,15913,301,0.011249813126027807,0.009918896761178688,0.012585561495987144,2000,2000,202609082
secondary72,pressor72,Intermediate,proportion,6751,4426,388,0.057472966967856615,0.05139608305184904,0.06357974389496764,2000,2000,202609082
secondary72,pressor72,High,proportion,1544,1190,269,0.17422279792746115,0.15484279409852147,0.19450260268736427,2000,2000,202609082
secondary72,pressor72,High_minus_Low,absolute_difference,35051,19150,958,0.16297298480143335,0.14381007872004845,0.18354834441819465,2000,2000,202609082
secondary72,pressor72,Intermediate_minus_Low,absolute_difference,35051,19150,958,0.046223153841828804,0.040076642099725036,0.05232366297789881,2000,2000,202609082
secondary72,pressor72,Total,proportion,35051,19150,958,0.027331602522039315,0.025445788950943172,0.029263682468874994,2000,2000,202609082
first_parent24,icu24,Low,proportion,14981,14981,1222,0.08156998865229291,0.07730948156942864,0.08595894137156314,2000,2000,202609090
first_parent24,icu24,Intermediate,proportion,3553,3553,1063,0.299183788347875,0.28403396982114937,0.31383770118667037,2000,2000,202609090
first_parent24,icu24,High,proportion,836,836,455,0.5442583732057417,0.511023654872316,0.5776982464812551,2000,2000,202609090
first_parent24,icu24,High_minus_Low,absolute_difference,19370,19370,2740,0.46268838455344874,0.42904627118194466,0.4962093222498826,2000,2000,202609090
first_parent24,icu24,Intermediate_minus_Low,absolute_difference,19370,19370,2740,0.2176137996955821,0.20227995862155007,0.23311017964117287,2000,2000,202609090
first_parent24,icu24,Total,proportion,19370,19370,2740,0.14145585957666496,0.13660299432111514,0.14636164171399071,2000,2000,202609090
first_parent24,imv24,Low,proportion,14846,14846,214,0.014414657146706183,0.01247635733472863,0.01636356875287934,2000,2000,202609091
first_parent24,imv24,Intermediate,proportion,3407,3407,311,0.09128265336072791,0.08218648775110587,0.1013718394231626,2000,2000,202609091
first_parent24,imv24,High,proportion,778,778,186,0.2390745501285347,0.2114567657276269,0.26894542794656573,2000,2000,202609091
first_parent24,imv24,High_minus_Low,absolute_difference,19031,19031,711,0.22465989298182854,0.1971381870285604,0.2542745176802203,2000,2000,202609091
first_parent24,imv24,Intermediate_minus_Low,absolute_difference,19031,19031,711,0.07686799621402172,0.06746753825345045,0.08730928810530263,2000,2000,202609091
first_parent24,imv24,Total,proportion,19031,19031,711,0.0373600966843571,0.0346277126793127,0.040145026535652356,2000,2000,202609091
first_parent24,pressor24,Low,proportion,14846,14846,125,0.008419776370739594,0.006929110322347649,0.00999535914340145,2000,2000,202609092
first_parent24,pressor24,Intermediate,proportion,3409,3409,190,0.05573481959518921,0.04783245517329766,0.06370407008696215,2000,2000,202609092
first_parent24,pressor24,High,proportion,778,778,143,0.18380462724935734,0.15628871505717917,0.21066328565236236,2000,2000,202609092
first_parent24,pressor24,High_minus_Low,absolute_difference,19033,19033,458,0.17538485087861774,0.1482021340272245,0.20204717739344913,2000,2000,202609092
first_parent24,pressor24,Intermediate_minus_Low,absolute_difference,19033,19033,458,0.04731504322444961,0.03950146313564888,0.055423477884412264,2000,2000,202609092
first_parent24,pressor24,Total,proportion,19033,19033,458,0.024063468712236642,0.021909315399569168,0.02627016234960332,2000,2000,202609092
landmark60_24,icu24,Low,proportion,26765,15888,1999,0.0746870913506445,0.07114137277852811,0.0783277292620903,2000,2000,202609100
landmark60_24,icu24,Intermediate,proportion,6919,4498,1789,0.258563376210435,0.24694740141419358,0.270519903526277,2000,2000,202609100
landmark60_24,icu24,High,proportion,1586,1215,741,0.4672131147540984,0.4398727685352299,0.4961687045507859,2000,2000,202609100
landmark60_24,icu24,High_minus_Low,absolute_difference,35270,19188,4529,0.3925260234034539,0.36496711858194986,0.42085806876462256,2000,2000,202609100
landmark60_24,icu24,Intermediate_minus_Low,absolute_difference,35270,19188,4529,0.18387628485979052,0.1723503265904287,0.19588480690497015,2000,2000,202609100
landmark60_24,icu24,Total,proportion,35270,19188,4529,0.12840941309895096,0.12417965606231814,0.13274933328672517,2000,2000,202609100
landmark60_24,imv24,Low,proportion,26599,15807,336,0.0126320538366104,0.011185819746545596,0.014081922126039245,2000,2000,202609101
landmark60_24,imv24,Intermediate,proportion,6736,4414,440,0.06532066508313539,0.059251212060329926,0.07191430252716953,2000,2000,202609101
landmark60_24,imv24,High,proportion,1541,1188,284,0.18429591174561974,0.16376982455497766,0.2069191774261019,2000,2000,202609101
landmark60_24,imv24,High_minus_Low,absolute_difference,34876,19032,1060,0.17166385790900934,0.1508493892265821,0.19439927089366918,2000,2000,202609101
landmark60_24,imv24,Intermediate_minus_Low,absolute_difference,34876,19032,1060,0.05268861124652499,0.0466383076009913,0.05924260853648491,2000,2000,202609101
landmark60_24,imv24,Total,proportion,34876,19032,1060,0.03039339373781397,0.02849155442389604,0.03236842983870011,2000,2000,202609101
landmark60_24,pressor24,Low,proportion,26603,15812,231,0.008683231214524677,0.007571582559606204,0.00987042679972103,2000,2000,202609102
landmark60_24,pressor24,Intermediate,proportion,6748,4423,325,0.048162418494368704,0.04276633214204472,0.05387839977436531,2000,2000,202609102
landmark60_24,pressor24,High,proportion,1544,1190,238,0.15414507772020725,0.13562253289473683,0.17272742313940195,2000,2000,202609102
landmark60_24,pressor24,High_minus_Low,absolute_difference,34895,19047,794,0.14546184650568256,0.1267917425863726,0.16415137575625988,2000,2000,202609102
landmark60_24,pressor24,Intermediate_minus_Low,absolute_difference,34895,19047,794,0.03947918727984403,0.03417427905045166,0.04533853532386126,2000,2000,202609102
landmark60_24,pressor24,Total,proportion,34895,19047,794,0.022753976214357357,0.021144777615742957,0.024491207387681953,2000,2000,202609102
