subset,endpoint,score,adjustment,n,patients,events,design_columns,n_parameters,rank,condition_number,score_min,score_max,warnings,status,beta,se,or,ci_low,ci_high,p,q,iterations,min_fitted_probability,max_fitted_probability,extreme_fitted_n
full_reference,sepsis,ecg,M2,35905,19579,1503,intercept;score_z;male;age;age_nonlinear;temperature_c;temperature_c_nonlinear;resprate;resprate_nonlinear;o2sat;o2sat_nonlinear;sbp;sbp_nonlinear,13,13,9.004620383328575,-3.4118933227059,3.469210838440378,,ok,0.9520264911888178,0.04569068745705239,2.590954890069209,2.369015313662233,2.833686723618483,2.0277997182315822e-96,2.433359661877414e-96,8,7.820068269756721e-05,0.95997220576481,0
full_reference,respiratory_failure,ecg,M2,35905,19579,1720,intercept;score_z;male;age;age_nonlinear;temperature_c;temperature_c_nonlinear;resprate;resprate_nonlinear;o2sat;o2sat_nonlinear;sbp;sbp_nonlinear,13,13,9.004620383328575,-3.4118933227059,3.469210838440378,,ok,1.0115241669474662,0.04081760202045003,2.7497889600879164,2.5383725239112045,2.9788138871636676,1.4168357005454755e-135,2.8336714010885284e-135,8,1.0990632004193138e-06,0.9644513652916841,0
full_reference,aki,ecg,M2,35905,19579,5059,intercept;score_z;male;age;age_nonlinear;temperature_c;temperature_c_nonlinear;resprate;resprate_nonlinear;o2sat;o2sat_nonlinear;sbp;sbp_nonlinear,13,13,9.004620383328575,-3.4118933227059,3.469210838440378,,ok,0.5820278770703798,0.02487518349439394,1.7896639719641183,1.704502728423836,1.8790800854323786,4.4857434728443265e-121,6.728615209267254e-121,6,0.0038407718429581713,0.8024439009032766,0
exclude_any_cardiac,sepsis,ecg,M2,26238,16163,778,intercept;score_z;male;age;age_nonlinear;temperature_c;temperature_c_nonlinear;resprate;resprate_nonlinear;o2sat;o2sat_nonlinear;sbp;sbp_nonlinear,13,13,8.50333146975708,-3.4118933227059,2.8324869051468555,,ok,0.9870609277862794,0.05669622956805692,2.683336352149209,2.40112735850315,2.9987138971479,6.972135587260843e-68,6.972135587260843e-68,8,0.0002272774460256821,0.9541725531579709,0
exclude_any_cardiac,respiratory_failure,ecg,M2,26238,16163,747,intercept;score_z;male;age;age_nonlinear;temperature_c;temperature_c_nonlinear;resprate;resprate_nonlinear;o2sat;o2sat_nonlinear;sbp;sbp_nonlinear,13,13,8.50333146975708,-3.4118933227059,2.8324869051468555,,ok,1.1688609050281198,0.05373375549521815,3.218324572448952,2.8966204040663572,3.575757817313039,6.4956330805486554e-105,1.9486899241645966e-104,8,2.8063482764884893e-06,0.8168401766869017,0
exclude_any_cardiac,aki,ecg,M2,26238,16163,2338,intercept;score_z;male;age;age_nonlinear;temperature_c;temperature_c_nonlinear;resprate;resprate_nonlinear;o2sat;o2sat_nonlinear;sbp;sbp_nonlinear,13,13,8.50333146975708,-3.4118933227059,2.8324869051468555,,ok,0.5891358252102756,0.03251956794674847,1.80243012750185,1.6911328727133124,1.9210521047432072,2.3679878546853493e-73,3.5519817820280244e-73,7,0.003195523968483273,0.7676349576566179,0
exclude_any_cardiac_M1,sepsis,ecg,M1,26238,16163,778,intercept;score_z;male;age;age_nonlinear,5,5,5.61458771984926,-3.4118933227059,2.8324869051468555,,ok,1.13116311899627,0.05438347148266554,3.0992592117909625,2.785906944079068,3.447856606368588,4.349859686488043e-96,,8,0.0004164515132496048,0.35137097992927574,0
exclude_any_cardiac_M1,respiratory_failure,ecg,M1,26238,16163,747,intercept;score_z;male;age;age_nonlinear,5,5,5.61458771984926,-3.4118933227059,2.8324869051468555,,ok,1.2614718024557343,0.053006648307213376,3.5306140316303436,3.1822251373815655,3.9171444200839463,3.4721528082119766e-125,,8,0.00024592463856569415,0.3839633600081663,0
exclude_any_cardiac_M1,aki,ecg,M1,26238,16163,2338,intercept;score_z;male;age;age_nonlinear,5,5,5.61458771984926,-3.4118933227059,2.8324869051468555,,ok,0.6400359838172145,0.03204728060334365,1.8965491231540927,1.7810880970724547,2.0194950392676936,9.725529575367122e-89,,7,0.003345394504243261,0.47232839780702496,0
exclude_AMI,sepsis,ecg,M2,34656,19056,1370,intercept;score_z;male;age;age_nonlinear;temperature_c;temperature_c_nonlinear;resprate;resprate_nonlinear;o2sat;o2sat_nonlinear;sbp;sbp_nonlinear,13,13,8.93901928371678,-3.4118933227059,3.469210838440378,,ok,0.9211691629338825,0.04660254453802893,2.5122258749463056,2.2929285745652264,2.7524969232617478,5.785374574059632e-87,,8,0.0002668891018289793,0.9568971301380942,0
exclude_AMI,respiratory_failure,ecg,M2,34656,19056,1574,intercept;score_z;male;age;age_nonlinear;temperature_c;temperature_c_nonlinear;resprate;resprate_nonlinear;o2sat;o2sat_nonlinear;sbp;sbp_nonlinear,13,13,8.93901928371678,-3.4118933227059,3.469210838440378,,ok,0.992521453087843,0.0417634255326597,2.69802885607986,2.4859792421962084,2.9281659253955548,7.629158554296379e-125,,8,2.017896039472117e-07,0.9688792886771247,0
exclude_AMI,aki,ecg,M2,34656,19056,4663,intercept;score_z;male;age;age_nonlinear;temperature_c;temperature_c_nonlinear;resprate;resprate_nonlinear;o2sat;o2sat_nonlinear;sbp;sbp_nonlinear,13,13,8.93901928371678,-3.4118933227059,3.469210838440378,,ok,0.5711809556452452,0.0257039481943027,1.7703565299383026,1.683377417556939,1.8618298014498451,2.1271780939258512e-109,,6,0.0039159267821342065,0.7871895162561504,0
exclude_HF,sepsis,ecg,M2,29656,17893,1014,intercept;score_z;male;age;age_nonlinear;temperature_c;temperature_c_nonlinear;resprate;resprate_nonlinear;o2sat;o2sat_nonlinear;sbp;sbp_nonlinear,13,13,8.563979171332598,-3.4118933227059,2.915304837889998,,ok,0.9786323083838531,0.05088155944677463,2.6608145783697683,2.4082643092266554,2.9398493318777805,1.9394239166737147e-82,,8,0.00022251354552873178,0.9558375937589295,0
exclude_HF,respiratory_failure,ecg,M2,29656,17893,983,intercept;score_z;male;age;age_nonlinear;temperature_c;temperature_c_nonlinear;resprate;resprate_nonlinear;o2sat;o2sat_nonlinear;sbp;sbp_nonlinear,13,13,8.563979171332598,-3.4118933227059,2.915304837889998,,ok,1.1612606061370787,0.048444131311073585,3.1939570612521875,2.9046469570536906,3.512083175667722,5.564335269244322e-127,,8,7.127743453021538e-07,0.8273608020358312,0
exclude_HF,aki,ecg,M2,29656,17893,2932,intercept;score_z;male;age;age_nonlinear;temperature_c;temperature_c_nonlinear;resprate;resprate_nonlinear;o2sat;o2sat_nonlinear;sbp;sbp_nonlinear,13,13,8.563979171332598,-3.4118933227059,2.915304837889998,,ok,0.5627708159013958,0.02954926976928988,1.7555300180339857,1.6567457908628678,1.860204300029213,7.205407187991923e-81,,7,0.0033628054028603093,0.7533446828116228,0
exclude_AF,sepsis,ecg,M2,30136,17410,1039,intercept;score_z;male;age;age_nonlinear;temperature_c;temperature_c_nonlinear;resprate;resprate_nonlinear;o2sat;o2sat_nonlinear;sbp;sbp_nonlinear,13,13,8.617454571151077,-3.4118933227059,3.469210838440378,,ok,0.9862297006928448,0.05231971719828854,2.6811068170258774,2.4198001141604513,2.9706312195941944,2.935207071784774e-79,,8,0.0002204398574596567,0.9506235076175213,0
exclude_AF,respiratory_failure,ecg,M2,30136,17410,1151,intercept;score_z;male;age;age_nonlinear;temperature_c;temperature_c_nonlinear;resprate;resprate_nonlinear;o2sat;o2sat_nonlinear;sbp;sbp_nonlinear,13,13,8.617454571151077,-3.4118933227059,3.469210838440378,,ok,1.0767736064998337,0.04775279212792583,2.9351941661223226,2.672942308224036,3.2231764847041395,1.3762081764794409e-112,,8,9.385244268699292e-07,0.932083160595243,0
exclude_AF,aki,ecg,M2,30136,17410,3503,intercept;score_z;male;age;age_nonlinear;temperature_c;temperature_c_nonlinear;resprate;resprate_nonlinear;o2sat;o2sat_nonlinear;sbp;sbp_nonlinear,13,13,8.617454571151077,-3.4118933227059,3.469210838440378,,ok,0.6048522112791739,0.028280956319155108,1.83098159046198,1.732252449264523,1.9353377655976634,1.7556754559420727e-101,,7,0.003628961617491437,0.8180728521314176,0
exclude_any_cardiac_first_parent,sepsis,ecg,M2,15602,15602,410,intercept;score_z;male;age;age_nonlinear;temperature_c;temperature_c_nonlinear;resprate;resprate_nonlinear;o2sat;o2sat_nonlinear;sbp;sbp_nonlinear,13,13,8.283161567877867,-3.4118933227059,2.8324869051468555,,ok,1.050335734716985,0.06936776830203951,2.858610691824628,2.495221261304553,3.274922033624292,8.615501526983694e-52,,8,0.00012890273783482784,0.9391609754694556,0
exclude_any_cardiac_first_parent,respiratory_failure,ecg,M2,15602,15602,435,intercept;score_z;male;age;age_nonlinear;temperature_c;temperature_c_nonlinear;resprate;resprate_nonlinear;o2sat;o2sat_nonlinear;sbp;sbp_nonlinear,13,13,8.283161567877867,-3.4118933227059,2.8324869051468555,,ok,1.2368279267176954,0.06896398693891734,3.444669372525087,3.00916007836153,3.943208994209842,6.354261973204489e-72,,8,8.437571908782529e-09,0.7807847974981933,1
exclude_any_cardiac_first_parent,aki,ecg,M2,15602,15602,1195,intercept;score_z;male;age;age_nonlinear;temperature_c;temperature_c_nonlinear;resprate;resprate_nonlinear;o2sat;o2sat_nonlinear;sbp;sbp_nonlinear,13,13,8.283161567877867,-3.4118933227059,2.8324869051468555,,ok,0.6171758730066527,0.03989973602444442,1.8536855991310077,1.7142468461664637,2.0044664559890415,5.69023455818843e-54,,7,0.002377828450370679,0.7452769162918667,0
exclude_any_cardiac_single_run,sepsis,ecg_single,M2,26238,16163,778,intercept;score_z;male;age;age_nonlinear;temperature_c;temperature_c_nonlinear;resprate;resprate_nonlinear;o2sat;o2sat_nonlinear;sbp;sbp_nonlinear,13,13,8.517223617025712,-8.393890786616339,3.05805883610693,,ok,0.8997416481520395,0.05118280131804424,2.458967750224802,2.2242620572427736,2.7184397526166406,3.569143100966836e-69,,8,1.1571838472036849e-05,0.9505875305668464,0
exclude_any_cardiac_single_run,respiratory_failure,ecg_single,M2,26238,16163,747,intercept;score_z;male;age;age_nonlinear;temperature_c;temperature_c_nonlinear;resprate;resprate_nonlinear;o2sat;o2sat_nonlinear;sbp;sbp_nonlinear,13,13,8.517223617025712,-8.393890786616339,3.05805883610693,,ok,1.0704566682800796,0.04686076156665312,2.916711165360558,2.6607585819498056,3.1972851952261143,1.7017563458247607e-115,,8,1.5323348022293121e-06,0.8277548179770734,0
exclude_any_cardiac_single_run,aki,ecg_single,M2,26238,16163,2338,intercept;score_z;male;age;age_nonlinear;temperature_c;temperature_c_nonlinear;resprate;resprate_nonlinear;o2sat;o2sat_nonlinear;sbp;sbp_nonlinear,13,13,8.517223617025712,-8.393890786616339,3.05805883610693,,ok,0.5636995824379122,0.03027155610062082,1.7571612529695366,1.6559393364684394,1.8645705195471205,2.153956557273421e-77,,7,0.0009265024570243511,0.7606287048341296,0
